Aaron Cresswell,32,629712000,England,Defender,West Ham United,1589,1,N/A,0,0,0,1,0
Aaron Lennon,35,545554800,England,Midfielder,Burnley,1217,1,N/A,1,0,0,1,0
Aaron Mooy,32,653382000,Australia,Midfielder,Huddersfield Town,2327,1,N/A,3,1,0,4,0
Aaron Ramsey,31,662198400,Wales,Midfielder,Arsenal,1327,6,N/A,4,0,0,0,0
Aaron Rowe,22,968310000,England,Forward,Huddersfield Town,69,0,N/A,0,0,0,0,0
Aaron Wan-Bissaka,24,880531200,England,Midfielder,Crystal Palace,3135,3,N/A,0,0,0,5,1
Abdelhamid Sabiri,25,849168000,Morocco,Midfielder,Huddersfield Town,49,0,N/A,0,0,0,0,0
Abdoulaye Doucouré,29,725875200,France,Midfielder,Watford,3062,6,N/A,5,0,0,7,0
Aboubakar Kamara,27,794563200,France,Forward,Fulham,687,0,N/A,3,1,1,2,0
Adalberto Peñaranda Maestre,25,865062000,Venezuela,Forward,Watford,0,0,N/A,0,0,0,0,0
Adam David Lallana,34,579250800,England,Midfielder,Liverpool,465,0,N/A,0,0,0,1,0
Adam Masina,28,757497600,Italy,Defender,Watford,1003,1,N/A,0,0,0,5,0
Adam Smith,31,672908400,England,Defender,AFC Bournemouth,2073,1,N/A,1,0,0,6,1
Adama Diakhaby,26,836550000,France,Forward,Huddersfield Town,551,0,N/A,0,0,0,1,0
Adama Traoré Diarra,26,822556800,Spain,Midfielder,Wolverhampton Wanderers,890,1,N/A,1,0,0,1,0
Ademola Lookman,25,877330800,England,Forward,Everton,601,2,N/A,0,0,0,0,0
Adrian Mariappa,36,528706800,Jamaica,Defender,Watford,1921,0,N/A,0,0,0,3,0
Adrián San Miguel del Castillo,35,536659200,Spain,Goalkeeper,West Ham United,0,0,N/A,0,0,0,0,0
Adrien Sebastian Perruchet Silva,33,605952000,Portugal,Midfielder,Leicester City,88,0,N/A,0,0,0,0,0
Ainsley Maitland-Niles,25,872838000,England,Midfielder,Arsenal,985,1,N/A,1,0,0,3,1
Alberto Moreno,30,710319600,Spain,Defender,Liverpool,155,0,N/A,0,0,0,0,0
Aleksandar Mitrović,28,779698800,Serbia,Forward,Fulham,3282,3,N/A,11,1,0,7,0
Alex Iwobi,26,831106800,Nigeria,Forward,Arsenal,1972,6,N/A,3,0,0,0,0
Alex McCarthy,32,628675200,England,Goalkeeper,Southampton,2250,0,N/A,0,0,0,1,0
Alex Oxlade-Chamberlain,29,745398000,England,Midfielder,Liverpool,19,0,N/A,0,0,0,0,0
Alex Pritchard,29,736412400,England,Midfielder,Huddersfield Town,2092,0,N/A,2,0,0,2,0
Alex Smithies,32,636624000,England,Goalkeeper,Cardiff City,0,0,N/A,0,0,0,0,0
Alexander Sørloth,26,818150400,Norway,Forward,Crystal Palace,173,0,N/A,0,0,0,0,0
Alexandre Lacazette,31,675414000,France,Forward,Arsenal,2503,8,N/A,13,0,0,2,0
Alexandre Nascimento Costa Silva,25,858499200,Portugal,Forward,West Ham United,17,0,N/A,0,0,0,0,0
Alexis Sanchez,33,598521600,Chile,Forward,Manchester United,877,3,N/A,1,0,0,3,0
Alfie Jones,25,876207600,England,Defender,Southampton,0,0,N/A,0,0,0,0,0
Alfie Mawson,28,758966400,England,Defender,Fulham,1131,0,N/A,0,0,0,2,0
Alfie Whiteman,24,907311600,England,Goalkeeper,Tottenham Hotspur,0,0,N/A,0,0,0,0,0
Ali Koiki,22,966927600,England,Defender,Burnley,0,0,N/A,0,0,0,0,0
Alireza Jahanbakhsh,29,745052400,Iran,Forward,Brighton & Hove Albion,1022,0,N/A,0,0,0,2,0
Alisson Becker,30,718009200,Brazil,Goalkeeper,Liverpool,3420,0,N/A,0,0,0,1,0
Alvaro Morata,30,719823600,Spain,Forward,Chelsea,943,0,N/A,5,0,0,3,0
Ander Herrera,33,619081200,Spain,Midfielder,Manchester United,1404,3,N/A,2,0,0,4,0
André Filipe Tavares Gomes,29,744015600,Portugal,Midfielder,Everton,1986,1,N/A,1,0,0,7,0
Andre Gray,31,677919600,England,Forward,Watford,1358,2,N/A,7,0,0,2,0
André Schürrle,31,657878400,Germany,Midfielder,Fulham,1650,0,N/A,6,0,0,2,0
André-Frank Zambo Anguissa,26,816508800,Cameroon,Midfielder,Fulham,1518,0,N/A,0,0,0,3,1
Andreas Christensen,26,829119600,Denmark,Defender,Chelsea,615,0,N/A,0,0,0,1,0
Andreas Pereira,26,820483200,Brazil,Midfielder,Manchester United,595,1,N/A,1,0,0,5,0
Andrew Robertson,28,763372800,Scotland,Defender,Liverpool,3219,11,N/A,0,0,0,4,0
Andrew Surman,36,524905200,England,Midfielder,AFC Bournemouth,1438,0,N/A,0,0,0,2,0
Andriy Yarmolenko,33,625129200,Ukraine,Forward,West Ham United,459,0,N/A,2,0,0,2,0
Andros Townsend,31,679647600,England,Midfielder,Crystal Palace,3018,4,N/A,6,0,0,1,0
Andy Carroll,33,600076800,England,Forward,West Ham United,454,0,N/A,0,0,0,2,0
Angel Gomes,22,967705200,England,Midfielder,Manchester United,25,0,N/A,0,0,0,0,0
Angelo Ogbonna,34,580374000,Italy,Defender,West Ham United,1870,1,N/A,1,0,0,2,0
Angus Gunn,26,822297600,England,Goalkeeper,Southampton,1080,0,N/A,0,0,0,0,0
Anthony Driscoll-Glennon,22,943603200,England,Defender,Burnley,0,0,N/A,0,0,0,0,0
Anthony Knockaert,30,690624000,France,Midfielder,Brighton & Hove Albion,1832,6,N/A,2,0,0,5,1
Anthony Martial,26,818150400,France,Forward,Manchester United,1623,2,N/A,10,1,0,2,0
Antonio Barreca,27,795513600,Italy,Defender,Newcastle United,4,0,N/A,0,0,0,0,0
Antonio Rüdiger,29,731145600,Germany,Defender,Chelsea,2874,0,N/A,1,0,0,7,0
Antonio Valencia,37,491986800,Ecuador,Defender,Manchester United,466,0,N/A,0,0,0,2,0
Arijanet Muric,23,910425600,Montenegro,Goalkeeper,Manchester City,0,0,N/A,0,0,0,0,0
Aron Einar Gunnarsson,33,609231600,Iceland,Midfielder,Cardiff City,2274,1,N/A,1,0,0,5,0
Arthur Masuaku,28,752659200,France,Defender,West Ham United,1756,1,N/A,0,0,0,2,0
Artur Boruc,42,319881600,Poland,Goalkeeper,AFC Bournemouth,1080,0,N/A,0,0,0,2,0
Ashley Barnes,32,625737600,England,Forward,Burnley,2400,2,N/A,12,2,0,8,0
Ashley Westwood,32,638956800,England,Midfielder,Burnley,2822,7,N/A,2,0,0,5,0
Ashley Young,37,489740400,England,Midfielder,Manchester United,2568,2,N/A,2,0,0,10,1
Asmir Begović,35,551170800,Bosnia and Herzegovina,Goalkeeper,AFC Bournemouth,2160,0,N/A,0,0,0,0,0
Aymeric Laporte,28,770022000,France,Defender,Manchester City,3057,3,N/A,3,0,0,3,0
Ayoze Perez,29,743929200,Spain,Forward,Newcastle United,2929,2,N/A,12,0,0,2,0
Bakary Sako,34,578041200,Mali,Midfielder,Crystal Palace,25,0,N/A,0,0,0,0,0
Ben Chilwell,25,851155200,England,Defender,Leicester City,3240,4,N/A,0,0,0,4,0
Ben Davies,29,735634800,Wales,Defender,Tottenham Hotspur,1839,0,N/A,0,0,0,2,0
Ben Foster,39,418204800,England,Goalkeeper,Watford,3420,0,N/A,0,0,0,1,0
Ben Gibson,29,727084800,England,Defender,Burnley,63,0,N/A,1,0,0,1,0
Ben Hamer,34,564393600,England,Goalkeeper,Huddersfield Town,553,0,N/A,0,0,0,0,0
Ben Mee,33,622364400,England,Defender,Burnley,3420,2,N/A,0,0,0,9,0
Ben White,25,876294000,England,Defender,Brighton & Hove Albion,0,0,N/A,0,0,0,0,0
Ben Wilmot,23,941702400,England,Defender,Watford,26,0,N/A,0,0,0,0,0
Benjamin Johnson,22,948700800,England,Forward,West Ham United,63,0,N/A,0,0,0,0,0
Benjamin Mendy,28,774428400,France,Defender,Manchester City,900,5,N/A,0,0,0,1,0
Beram Kayal,34,578559600,Israel,Midfielder,Brighton & Hove Albion,934,1,N/A,1,0,0,4,0
Bernard Anício Caldeira Duarte,30,715935600,Brazil,Midfielder,Everton,2128,3,N/A,1,0,0,5,0
Bernardo,27,800434800,Brazil,Defender,Brighton & Hove Albion,1750,1,N/A,0,0,0,4,0
Bernardo Silva,28,776502000,Portugal,Midfielder,Manchester City,2853,7,N/A,7,0,0,3,0
Bernd Leno,30,699696000,Germany,Goalkeeper,Arsenal,2835,0,N/A,0,0,0,0,0
Bobby Reid,29,728640000,England,Midfielder,Cardiff City,1422,2,N/A,5,1,0,0,0
Brian Murphy,39,421138800,Republic of Ireland,Goalkeeper,Cardiff City,0,0,N/A,0,0,0,0,0
Bright Enobakhare,24,886924800,England,Forward,Wolverhampton Wanderers,0,0,N/A,0,0,0,0,0
Bruno Écuélé Manga,34,585039600,Gabon,Defender,Cardiff City,3375,1,N/A,0,0,0,0,0
Bruno Saltor Grau,42,339231600,Spain,Defender,Brighton & Hove Albion,1136,1,N/A,0,0,0,2,0
Caglar Söyüncü,26,832834800,Turkey,Defender,Leicester City,371,0,N/A,0,0,0,1,0
Callum Hudson-Odoi,21,973584000,England,Midfielder,Chelsea,391,1,N/A,0,0,0,0,0
Callum Paterson,28,782031600,Scotland,Defender,Cardiff City,1996,1,N/A,4,0,0,4,0
Callum Roberts,25,861001200,England,Forward,Newcastle United,0,0,N/A,0,0,0,0,0
Callum Slattery,23,918460800,England,Midfielder,Southampton,110,0,N/A,0,0,0,0,0
Callum Wilson,30,699177600,England,Forward,AFC Bournemouth,2535,9,N/A,14,1,1,3,0
Calum Chambers,27,790588800,England,Defender,Fulham,2587,0,N/A,2,0,0,9,0
Cameron John,23,935478000,England,Defender,Wolverhampton Wanderers,0,0,N/A,0,0,0,0,0
Carl Jenkinson,30,697536000,England,Defender,Arsenal,166,0,N/A,0,0,0,0,0
Carlos Sánchez,36,508060800,Colombia,Midfielder,West Ham United,240,0,N/A,0,0,0,0,0
Cedric Soares,31,683622000,Portugal,Defender,Southampton,1494,2,N/A,1,0,0,4,0
Cenk Tosun,31,676278000,Turkey,Forward,Everton,1050,3,N/A,3,0,0,3,0
Cesar Azpilicueta,33,620290800,Spain,Defender,Chelsea,3403,5,N/A,1,0,0,4,0
Cesc Fabregas,35,547110000,Spain,Midfielder,Chelsea,175,0,N/A,0,0,0,1,0
Charlie Austin,33,615625200,England,Forward,Southampton,980,2,N/A,2,0,1,1,0
Charlie Daniels,36,526460400,England,Defender,AFC Bournemouth,1583,0,N/A,1,0,0,4,0
Charlie Taylor,29,748335600,England,Defender,Burnley,3240,1,N/A,0,0,0,2,0
Cheikhou Kouyaté,32,630230400,Senegal,Midfielder,Crystal Palace,1897,2,N/A,0,0,0,3,0
Chris Löwe,33,608713200,Germany,Defender,Huddersfield Town,2056,2,N/A,0,0,0,2,0
Chris Mepham,24,878716800,Wales,Defender,AFC Bournemouth,849,1,N/A,0,0,0,1,0
Chris Smalling,32,627724800,England,Defender,Manchester United,2128,0,N/A,1,0,0,1,0
Chris Wood,30,692092800,New Zealand,Forward,Burnley,2582,2,N/A,10,0,0,2,0
Christian Atsu Twasam,30,695030400,Ghana,Midfielder,Newcastle United,1487,0,N/A,1,0,0,2,0
Christian Benteke,31,660211200,Belgium,Forward,Crystal Palace,813,1,N/A,1,0,0,1,0
Christian Eriksen,30,698054400,Denmark,Midfielder,Tottenham Hotspur,2772,12,N/A,8,0,0,3,0
Christian Fuchs,36,513244800,Austria,Defender,Leicester City,206,0,N/A,0,0,0,0,0
Christian Kabasele,31,667382400,Belgium,Defender,Watford,1587,0,N/A,0,0,0,4,1
Christopher Schindler,32,641372400,Germany,Defender,Huddersfield Town,3262,0,N/A,1,0,0,6,1
Ciaran Clark,33,622796400,Republic of Ireland,Defender,Newcastle United,857,0,N/A,3,0,0,1,0
Claudio Andrés Bravo Muñoz,39,419068800,Chile,Goalkeeper,Manchester City,0,0,N/A,0,0,0,0,0
Collin Quaner,31,677228400,Germany,Forward,Huddersfield Town,37,0,N/A,0,0,0,0,0
Connor Wickham,29,733564800,England,Forward,Crystal Palace,61,1,N/A,0,0,0,0,0
Conor Coady,29,730627200,England,Midfielder,Wolverhampton Wanderers,3420,0,N/A,0,0,0,5,0
Conor Coventry,22,953971200,Republic of Ireland,Midfielder,West Ham United,0,0,N/A,0,0,0,0,0
Craig Cathcart,33,602755200,Northern Ireland,Defender,Watford,3099,0,N/A,3,0,0,2,0
Curtis Jones,21,980841600,England,Midfielder,Liverpool,0,0,N/A,0,0,0,0,0
Cyrus Christie,30,717836400,Republic of Ireland,Defender,Fulham,1943,1,N/A,0,0,0,7,0
Dale Stephens,33,613638000,England,Midfielder,Brighton & Hove Albion,2487,1,N/A,1,0,0,7,1
Damián Emiliano Martínez,30,715417200,Argentina,Goalkeeper,Arsenal,0,0,N/A,0,0,0,0,0
Dan Burn,30,705394800,England,Defender,Brighton & Hove Albion,0,0,N/A,0,0,0,0,0
Dan Gosling,32,633859200,England,Midfielder,AFC Bournemouth,1737,1,N/A,2,0,0,8,0
Daniel Amartey,27,787996800,Ghana,Midfielder,Leicester City,640,0,N/A,0,0,0,2,0
Daniel Sturridge,33,620636400,England,Forward,Liverpool,496,1,N/A,2,0,0,1,0
Daniel William John Ings,30,711874800,England,Forward,Southampton,1668,3,N/A,7,3,0,1,0
Daniel Williams,33,605347200,USA,Midfielder,Huddersfield Town,93,0,N/A,0,0,0,1,0
Danilo,31,679561200,Brazil,Defender,Manchester City,806,0,N/A,1,0,0,1,0
Danny Drinkwater,32,636624000,England,Midfielder,Chelsea,0,0,N/A,0,0,0,0,0
Danny Rose,32,646902000,England,Defender,Tottenham Hotspur,1806,3,N/A,0,0,0,5,0
Danny Simpson,35,536745600,England,Defender,Leicester City,291,0,N/A,0,0,0,0,0
Danny Ward,29,740732400,Wales,Goalkeeper,Leicester City,0,0,N/A,0,0,0,0,0
Danny Ward,31,660729600,England,Forward,Cardiff City,440,0,N/A,1,0,0,0,0
Danny Welbeck,31,659606400,England,Forward,Arsenal,147,1,N/A,1,0,0,0,0
Daryl Janmaat,33,617094000,Netherlands,Defender,Watford,1521,2,N/A,0,0,0,3,0
David Brooks,25,868345200,England,Forward,AFC Bournemouth,2278,5,N/A,7,0,0,3,0
David Button,33,604569600,England,Goalkeeper,Brighton & Hove Albion,360,0,N/A,0,0,0,0,0
David de Gea,31,657964800,Spain,Goalkeeper,Manchester United,3420,0,N/A,0,0,0,1,0
David Junior Hoilett,32,644569200,Canada,Forward,Cardiff City,2142,1,N/A,3,0,0,4,0
David Luiz,35,546073200,Brazil,Defender,Chelsea,3239,2,N/A,3,0,0,3,0
David Silva,36,505555200,Spain,Midfielder,Manchester City,2411,8,N/A,6,0,0,3,0
Davide Zappacosta,30,708246000,Italy,Defender,Chelsea,125,0,N/A,0,0,0,0,0
Davinson Sánchez Mina,26,834562800,Colombia,Defender,Tottenham Hotspur,1943,1,N/A,1,0,0,2,0
Davy Pröpper,31,683794800,Netherlands,Midfielder,Brighton & Hove Albion,2551,1,N/A,1,0,0,2,0
DeAndre Yedlin,29,742201200,USA,Defender,Newcastle United,2475,2,N/A,1,0,0,7,1
Declan Rice,23,916300800,Republic of Ireland,Midfielder,West Ham United,3005,0,N/A,2,0,0,4,0
Dejan Lovren,33,615625200,Croatia,Defender,Liverpool,985,0,N/A,1,0,0,1,0
Dele Alli,26,829206000,England,Midfielder,Tottenham Hotspur,1827,3,N/A,5,0,0,4,0
Demarai Gray,26,835945200,England,Midfielder,Leicester City,1992,1,N/A,4,0,0,2,0
Demeaco Duhaney,24,908262000,England,Defender,Huddersfield Town,46,0,N/A,0,0,0,0,0
Denis Odoi,34,580719600,Belgium,Defender,Fulham,2593,1,N/A,0,0,0,4,0
Denis Suárez,28,757843200,Spain,Midfielder,Arsenal,67,0,N/A,0,0,0,0,0
Diego Rico,29,730454400,Spain,Defender,AFC Bournemouth,607,0,N/A,0,0,0,1,0
Diogo José Teixeira da Silva,25,849686400,Portugal,Midfielder,Wolverhampton Wanderers,2371,5,N/A,9,0,0,11,0
Divock Origi,27,798188400,Belgium,Forward,Liverpool,366,1,N/A,3,0,0,0,0
Domingos Quina,22,942912000,Portugal,Midfielder,Watford,335,0,N/A,1,0,0,0,0
Dominic Calvert-Lewin,25,858499200,England,Forward,Everton,1774,2,N/A,6,0,0,3,0
Dominic Solanke,25,874220400,England,Forward,AFC Bournemouth,341,1,N/A,0,0,0,0,0
Dwight McNeil,22,943257600,England,Forward,Burnley,1599,5,N/A,3,0,0,2,0
Eden Hazard,31,663235200,Belgium,Midfielder,Chelsea,2926,15,N/A,16,4,0,2,0
Ederson,29,745570800,Brazil,Goalkeeper,Manchester City,3420,1,N/A,0,0,0,2,0
Edward Nketiah,23,928047600,England,Forward,Arsenal,62,0,N/A,1,0,0,0,0
Elias Kachunga,30,703926000,Congo DR,Forward,Huddersfield Town,1181,0,N/A,0,0,0,2,0
Emerson Hyndman,26,829033200,USA,Midfielder,AFC Bournemouth,37,0,N/A,0,0,0,0,0
Emerson Palmieri dos Santos,28,775897200,Italy,Defender,Chelsea,660,0,N/A,0,0,0,0,0
Emile Smith Rowe,22,964767600,England,Midfielder,Arsenal,0,0,N/A,0,0,0,0,0
Eric Bertrand Bailly,28,766134000,Ivory Coast,Defender,Manchester United,637,0,N/A,0,0,0,1,1
Eric Dier,28,758620800,England,Midfielder,Tottenham Hotspur,1510,0,N/A,3,0,0,4,0
Erik Durm,30,705654000,Germany,Defender,Huddersfield Town,2052,1,N/A,0,0,0,0,0
Erik Lamela,30,699696000,Argentina,Midfielder,Tottenham Hotspur,971,2,N/A,4,0,0,2,0
Ethan Ampadu,22,968914800,Wales,Midfielder,Chelsea,0,0,N/A,0,0,0,0,0
Etienne Capoue,34,584607600,France,Midfielder,Watford,2947,3,N/A,1,0,0,15,1
Fabián Cornelio Balbuena González,31,682930800,Paraguay,Defender,West Ham United,2014,0,N/A,1,0,0,2,0
Fabian Delph,32,627638400,England,Midfielder,Manchester City,725,1,N/A,0,0,0,2,1
Fabian Schär,30,693216000,Switzerland,Defender,Newcastle United,2002,1,N/A,4,0,0,12,0
Fabinho,29,751359600,Brazil,Midfielder,Liverpool,2013,2,N/A,1,0,0,6,0
Fabricio Martín Agosto Ramírez,34,567936000,Spain,Goalkeeper,Fulham,180,0,N/A,0,0,0,0,0
Faustino Marcos Alberto Rojo,32,637920000,Argentina,Defender,Manchester United,211,0,N/A,0,0,0,2,0
Federico Fernández,33,604051200,Argentina,Defender,Newcastle United,1484,1,N/A,0,0,0,2,0
Felipe Anderson Pereira Gomes,29,734857200,Brazil,Midfielder,West Ham United,3054,4,N/A,9,0,0,3,0
Fernando Llorente Torres,37,478252800,Spain,Forward,Tottenham Hotspur,683,4,N/A,1,0,0,2,0
Fernando Luiz Rosa,37,484038000,Brazil,Midfielder,Manchester City,2381,3,N/A,1,0,0,5,0
Florent Hadergjonaj,28,775638000,Switzerland,Defender,Huddersfield Town,1840,0,N/A,0,0,0,1,0
Florian Lejeune,31,674722800,France,Defender,Newcastle United,1055,0,N/A,0,0,0,0,0
Florin Andone,29,734511600,Romania,Forward,Brighton & Hove Albion,874,0,N/A,3,0,0,5,0
Floyd Ayité,33,598176000,Togo,Midfielder,Fulham,465,0,N/A,1,0,0,0,0
Fousseni Diabaté,27,813999600,Mali,Midfielder,Leicester City,55,0,N/A,0,0,0,0,0
Francisco Femenía Far,31,665481600,Spain,Midfielder,Watford,2045,1,N/A,1,0,0,1,0
Fraser Forster,34,574588800,England,Goalkeeper,Southampton,90,0,N/A,0,0,0,0,0
Freddie Woodman,25,857462400,England,Goalkeeper,Newcastle United,0,0,N/A,0,0,0,0,0
Frederico Rodrigues Santos,29,731318400,Brazil,Midfielder,Manchester United,1045,1,N/A,1,0,0,2,0
Gabriel Jesus,25,860054400,Brazil,Forward,Manchester City,1019,3,N/A,7,1,0,1,0
Gaëtan Bong Songo,34,577954800,Cameroon,Defender,Brighton & Hove Albion,1805,0,N/A,0,0,0,0,0
Gary Cahill,36,503827200,England,Defender,Chelsea,22,0,N/A,0,0,0,0,0
Gary Madine,32,651481200,England,Forward,Cardiff City,32,0,N/A,0,0,0,0,0
George Marsh,23,910252800,England,Midfielder,Tottenham Hotspur,0,0,N/A,0,0,0,0,0
Georges-Kevin N'Koudou Mbida,27,792662400,France,Forward,Tottenham Hotspur,4,1,N/A,0,0,0,0,0
Georginio Wijnaldum,31,658310400,Netherlands,Midfielder,Liverpool,2735,0,N/A,3,0,0,3,0
Gerard Deulofeu,28,763545600,Spain,Forward,Watford,2082,5,N/A,10,0,0,3,0
Glenn Murray,39,433321200,England,Forward,Brighton & Hove Albion,2513,1,N/A,13,4,0,5,0
Gonzalo Higuain,34,566121600,Argentina,Forward,Chelsea,1092,0,N/A,5,0,0,0,0
Grady Diangana,24,892969200,England,Midfielder,West Ham United,604,1,N/A,0,0,0,0,0
Granit Xhaka,30,717577200,Switzerland,Midfielder,Arsenal,2502,2,N/A,4,0,0,10,0
Greg Cunningham,31,665308800,Republic of Ireland,Defender,Cardiff City,630,0,N/A,0,0,0,3,0
Gylfi Sigurdsson,33,621241200,Iceland,Midfielder,Everton,3134,6,N/A,13,2,3,3,0
Hamza Choudhury,25,875689200,England,Midfielder,Leicester City,596,0,N/A,0,0,0,0,0
Harry Arter,32,630835200,Republic of Ireland,Midfielder,Cardiff City,2008,1,N/A,0,0,0,10,0
Harry Kane,29,743842800,England,Forward,Tottenham Hotspur,2427,4,N/A,17,4,0,5,0
Harry Maguire,29,731318400,England,Defender,Leicester City,2599,0,N/A,3,0,0,7,1
Harry Winks,26,823248000,England,Midfielder,Tottenham Hotspur,1591,0,N/A,1,0,0,4,0
Harvey Lewis Barnes,24,881654400,England,Midfielder,Leicester City,1007,2,N/A,1,0,0,0,0
Håvard Nordtveit,32,645951600,Norway,Midfielder,Fulham,361,1,N/A,0,0,0,0,0
Hector Bellerin,27,795600000,Spain,Defender,Arsenal,1535,5,N/A,0,0,0,3,0
Hélder Wander Sousa Azevedo Costa,28,758361600,Portugal,Midfielder,Wolverhampton Wanderers,1345,2,N/A,1,0,0,3,0
Henrikh Mkhitaryan,33,601372800,Armenia,Midfielder,Arsenal,1643,4,N/A,6,0,0,1,0
Heung-Min Son,30,710578800,South Korea,Forward,Tottenham Hotspur,2048,6,N/A,12,0,0,3,1
Heurelho da Silva Gomes,41,351072000,Brazil,Goalkeeper,Watford,0,0,N/A,0,0,0,0,0
Hugo Lloris,35,535968000,France,Goalkeeper,Tottenham Hotspur,2970,0,N/A,0,0,0,0,0
Ibrahima Cissé,28,762422400,Belgium,Midfielder,Fulham,87,0,N/A,0,0,0,0,0
Idrissa Gana Gueye,33,622796400,Senegal,Midfielder,Everton,2825,2,N/A,0,0,0,6,0
İlkay Gündoğan,32,656751600,Germany,Midfielder,Manchester City,2135,3,N/A,6,0,0,3,0
Isaac Ajayi Success,26,821001600,Nigeria,Forward,Watford,1037,1,N/A,1,0,0,4,0
Isaac Hayden,27,795859200,England,Midfielder,Newcastle United,1886,4,N/A,1,0,0,4,1
Isaac Mbenza,26,826272000,Belgium,Forward,Huddersfield Town,981,1,N/A,1,0,0,1,0
Issa Diop,25,852796800,France,Defender,West Ham United,2970,0,N/A,1,0,0,4,0
Ivan Ricardo Neves Abreu Cavaleiro,29,750927600,Portugal,Forward,Wolverhampton Wanderers,683,1,N/A,3,0,0,1,0
Jack Cork,33,614761200,England,Midfielder,Burnley,3313,2,N/A,1,0,0,6,0
Jack Simpson,25,850896000,England,Defender,AFC Bournemouth,403,0,N/A,0,0,0,0,0
Jack Stephens,28,759657600,England,Defender,Southampton,1697,0,N/A,1,0,0,4,0
Jack Wilshere,30,694252800,England,Midfielder,West Ham United,389,1,N/A,0,0,0,2,0
Jacob Murphy,27,793612800,England,Midfielder,Newcastle United,300,1,N/A,0,0,0,0,0
Jaïro Riedewald,26,842252400,Netherlands,Defender,Crystal Palace,0,0,N/A,0,0,0,0,0
Jamal Lascelles,28,753004800,England,Defender,Newcastle United,2748,1,N/A,0,0,0,4,0
James Garner,21,984470400,England,Defender,Manchester United,0,0,N/A,0,0,0,0,0
James Maddison,25,848736000,England,Midfielder,Leicester City,2850,7,N/A,7,1,1,5,1
James McArthur,35,560588400,Scotland,Midfielder,Crystal Palace,3071,6,N/A,3,0,0,7,0
James McCarthy,31,658396800,Republic of Ireland,Midfielder,Everton,14,0,N/A,0,0,0,0,0
James Milner,36,505209600,England,Midfielder,Liverpool,1785,4,N/A,5,3,0,7,1
James Tarkowski,29,722160000,England,Defender,Burnley,3087,1,N/A,3,0,0,8,0
James Tomkins,33,607161600,England,Defender,Crystal Palace,2563,1,N/A,1,0,0,6,0
James Ward-Prowse,27,783676800,England,Midfielder,Southampton,1942,0,N/A,7,1,0,4,0
Jamie Sterry,26,816940800,England,Defender,Newcastle United,0,0,N/A,0,0,0,0,0
Jamie Vardy,35,537350400,England,Forward,Leicester City,2735,4,N/A,18,4,1,4,1
Jan Bednarek,26,829292400,Poland,Defender,Southampton,2151,1,N/A,0,0,0,7,0
Jan Vertonghen,35,546246000,Belgium,Defender,Tottenham Hotspur,1915,0,N/A,1,0,0,5,1
Jannik Vestergaard,30,712825200,Denmark,Defender,Southampton,2030,0,N/A,0,0,0,2,0
Jason Puncheon,36,520153200,England,Midfielder,Huddersfield Town,391,0,N/A,0,0,0,1,0
Jason Steele,32,650962800,England,Goalkeeper,Brighton & Hove Albion,0,0,N/A,0,0,0,0,0
Javier Hernandez,34,581151600,Mexico,Forward,West Ham United,1335,1,N/A,7,0,0,2,0
Javier Manquillo Gaitán,28,768121200,Spain,Defender,Newcastle United,1097,3,N/A,0,0,0,2,0
Jayson Molumby,23,933922800,Republic of Ireland,Midfielder,Brighton & Hove Albion,0,0,N/A,0,0,0,0,0
Jazz Richards,31,671439600,Wales,Defender,Cardiff City,128,0,N/A,0,0,0,0,0
Jean Michau00ebl Seri,31,679906800,Ivory Coast,Midfielder,Fulham,2252,2,N/A,1,0,0,6,0
Jeff Hendrick,30,696844800,Republic of Ireland,Midfielder,Burnley,2069,0,N/A,3,0,0,4,0
Jefferson Lerma,28,783068400,Colombia,Midfielder,AFC Bournemouth,2511,0,N/A,2,0,0,12,0
Jeffrey Schlupp,29,725097600,Ghana,Defender,Crystal Palace,1665,1,N/A,4,0,0,1,0
Jermain Defoe,40,402822000,England,Forward,AFC Bournemouth,21,0,N/A,0,0,0,0,0
Jesse Lingard,29,724406400,England,Midfielder,Manchester United,1668,2,N/A,4,1,0,3,0
João Moutinho,36,526546800,Portugal,Midfielder,Wolverhampton Wanderers,3040,8,N/A,1,0,0,4,0
Joe Bennett,32,638611200,England,Defender,Cardiff City,2641,1,N/A,0,0,0,5,0
Joe Bryan,29,748249200,England,Defender,Fulham,2350,1,N/A,0,0,0,5,0
Joe Daniel Tupper,24,879580800,England,Goalkeeper,Crystal Palace,0,0,N/A,0,0,0,0,0
Joe Gomez,25,864370800,England,Defender,Liverpool,1060,0,N/A,0,0,0,2,0
Joe Hart,35,545814000,England,Goalkeeper,Burnley,1710,0,N/A,0,0,0,0,0
Joe Powell,24,909734400,England,Forward,West Ham United,0,0,N/A,0,0,0,0,0
Joe Ralls,29,750495600,England,Midfielder,Cardiff City,1959,0,N/A,0,0,1,5,1
Joel Coleman,27,812098800,England,Goalkeeper,Huddersfield Town,90,0,N/A,0,0,0,0,0
Joel Matip,31,681634800,Cameroon,Defender,Liverpool,1532,0,N/A,1,0,0,3,0
Joel Ward,32,625647600,England,Defender,Crystal Palace,551,0,N/A,1,0,0,1,0
Johann Berg Guðmunds­son,32,657010800,Iceland,Midfielder,Burnley,1748,6,N/A,3,0,0,2,0
John Ruddy,36,530521200,England,Goalkeeper,Wolverhampton Wanderers,90,0,N/A,0,0,0,0,0
John Stones,28,770108400,England,Defender,Manchester City,1762,0,N/A,0,0,0,1,0
Jon Gorenc Stankovič,26,821606400,Slovenia,Defender,Huddersfield Town,718,0,N/A,1,0,0,2,0
Jonas Lössl,33,602323200,Denmark,Goalkeeper,Huddersfield Town,2777,1,N/A,0,0,0,1,0
Jonathan Hogg,33,597398400,England,Midfielder,Huddersfield Town,2377,1,N/A,0,0,0,9,1
Jonathan Walters,39,432889200,Republic of Ireland,Forward,Burnley,0,0,N/A,0,0,0,0,0
Jonjo Shelvey,30,699177600,England,Midfielder,Newcastle United,944,1,N/A,1,0,0,1,0
Jonjoe Kenny,25,858412800,England,Defender,Everton,790,1,N/A,0,0,0,1,0
Jonny,28,762681600,Spain,Defender,Wolverhampton Wanderers,2780,1,N/A,1,0,0,6,0
Jonny Evans,34,568195200,Northern Ireland,Defender,Leicester City,1995,0,N/A,1,0,0,2,0
Jordan Ayew,31,684572400,Ghana,Forward,Crystal Palace,1186,2,N/A,1,0,0,3,0
Jordan Henderson,32,645606000,England,Midfielder,Liverpool,1983,3,N/A,1,0,0,3,1
Jordan Pickford,28,763027200,England,Goalkeeper,Everton,3420,0,N/A,0,0,0,1,0
Jordon Ibe,26,818409600,England,Midfielder,AFC Bournemouth,795,1,N/A,1,0,0,1,0
Jorginho,30,693216000,Italy,Midfielder,Chelsea,3165,0,N/A,2,1,0,8,0
José Diogo Dalot Teixeira,23,921744000,Portugal,Defender,Manchester United,1015,2,N/A,0,0,0,3,0
José Holebas,38,457167600,Greece,Defender,Watford,2394,6,N/A,3,0,0,13,1
Jose Izquierdo,30,710492400,Colombia,Forward,Brighton & Hove Albion,794,1,N/A,0,0,0,1,0
José Luis Sanmartín Mato,32,638524800,Spain,Forward,Newcastle United,586,0,N/A,2,0,0,1,0
Joseph Willock,23,935132400,England,Midfielder,Arsenal,64,0,N/A,0,0,0,0,0
Josh Benson,22,944380800,England,Midfielder,Burnley,0,0,N/A,0,0,0,0,0
Josh Knight,25,873615600,England,Defender,Leicester City,0,0,N/A,0,0,0,0,0
Josh Murphy,27,793612800,England,Forward,Cardiff City,1825,2,N/A,3,0,0,2,0
Joshua King,30,695462400,Norway,Forward,AFC Bournemouth,2974,3,N/A,12,5,1,3,0
Joshua Sims,25,859536000,England,Midfielder,Southampton,209,1,N/A,0,0,0,0,0
Juan Marcos Foyth,24,884592000,Argentina,Defender,Tottenham Hotspur,930,0,N/A,1,0,0,4,1
Juan Mata,34,578214000,Spain,Midfielder,Manchester United,1294,2,N/A,3,0,0,3,0
Julián Speroni,43,295858800,Argentina,Goalkeeper,Crystal Palace,90,0,N/A,0,0,0,0,0
Juninho Bacuna,25,870937200,Netherlands,Midfielder,Huddersfield Town,1414,0,N/A,1,0,0,4,0
Junior Stanislas,32,628070400,England,Midfielder,AFC Bournemouth,1027,3,N/A,2,1,0,1,0
Jürgen Locadia,28,752659200,Netherlands,Forward,Brighton & Hove Albion,1227,0,N/A,2,0,0,1,0
Kadeem Harris,29,739522800,England,Midfielder,Cardiff City,366,0,N/A,1,0,0,1,0
Karl Darlow,32,655369200,England,Goalkeeper,Newcastle United,0,0,N/A,0,0,0,0,0
Karlan Ahearne-Grant,24,882518400,England,Forward,Huddersfield Town,874,0,N/A,4,0,0,0,0
Kasper Schmeichel,35,531561600,Denmark,Goalkeeper,Leicester City,3420,0,N/A,0,0,0,3,0
Kayne Ramsey,22,971161200,England,Midfielder,Southampton,90,0,N/A,0,0,0,0,0
Kazaiah Sterling,23,910598400,England,Forward,Tottenham Hotspur,0,0,N/A,0,0,0,0,0
Kelechi Iheanacho,26,844326000,Nigeria,Forward,Leicester City,926,3,N/A,1,0,0,2,0
Kelland Watts,23,941616000,England,Midfielder,Newcastle United,0,0,N/A,0,0,0,0,0
Ken Sema,29,749372400,Sweden,Midfielder,Watford,755,2,N/A,1,0,0,1,0
Kenneth Dahrup Zohorè,28,760003200,Denmark,Forward,Cardiff City,746,1,N/A,1,0,0,1,0
Kepa Arrizabalaga,28,781167600,Spain,Goalkeeper,Chelsea,3240,0,N/A,0,0,0,2,0
Kevin De Bruyne,31,678092400,Belgium,Midfielder,Manchester City,974,2,N/A,2,0,0,2,0
Kevin Long,32,650962800,Republic of Ireland,Defender,Burnley,513,1,N/A,0,0,0,0,0
Kevin McDonald,33,594633600,Scotland,Midfielder,Fulham,842,0,N/A,0,0,0,6,1
Kieran Dowell,25,876466800,England,Midfielder,Everton,0,0,N/A,0,0,0,0,0
Kieran Trippier,32,653727600,England,Defender,Tottenham Hotspur,2278,3,N/A,1,0,0,2,0
Konstantinos Mavropanos,24,881827200,Greece,Defender,Arsenal,150,0,N/A,0,0,0,1,0
Kortney Hause,27,805878000,England,Defender,Wolverhampton Wanderers,0,0,N/A,0,0,0,0,0
Kurt Zouma,28,783241200,France,Defender,Everton,2610,2,N/A,2,0,0,5,1
Kyle Taylor,23,935823600,England,Midfielder,AFC Bournemouth,0,0,N/A,0,0,0,0,0
Kyle Walker,32,643878000,England,Defender,Manchester City,2777,1,N/A,1,0,0,3,0
Kyle Walker-Peters,25,860914800,England,Defender,Tottenham Hotspur,374,3,N/A,0,0,0,1,0
Laurent Depoitre,33,597484800,Belgium,Forward,Huddersfield Town,1059,1,N/A,0,0,0,1,0
Laurent Koscielny,37,495183600,France,Defender,Arsenal,1328,0,N/A,3,0,0,1,0
Lazar Marković,28,762595200,Serbia,Midfielder,Fulham,44,0,N/A,0,0,0,0,0
Leander Dendoncker,27,797929200,Belgium,Midfielder,Wolverhampton Wanderers,1469,0,N/A,2,0,0,1,0
Leandro Bacuna,31,682758000,Curaçao,Midfielder,Cardiff City,554,0,N/A,0,0,0,2,0
Lee Grant,39,412502400,England,Goalkeeper,Manchester United,0,0,N/A,0,0,0,0,0
Lee Peltier,35,534672000,England,Defender,Cardiff City,1542,0,N/A,0,0,0,4,0
Leighton Baines,37,471600000,England,Defender,Everton,376,0,N/A,0,0,0,0,0
Leon Balogun,34,583484400,Nigeria,Defender,Brighton & Hove Albion,591,0,N/A,1,0,0,2,0
Leonardo Bonatini Lohner Maia,28,764841600,Brazil,Forward,Wolverhampton Wanderers,128,1,N/A,0,0,0,0,0
Leroy Sané,26,821347200,Germany,Midfielder,Manchester City,1867,10,N/A,10,0,0,1,0
Lewis Cass,22,951638400,England,Defender,Newcastle United,0,0,N/A,0,0,0,0,0
Lewis Cook,25,854956800,England,Midfielder,AFC Bournemouth,721,0,N/A,0,0,0,2,0
Lewis Dunk,30,690710400,England,Defender,Brighton & Hove Albion,3153,1,N/A,2,0,0,7,1
Loïc Damour,31,663321600,France,Midfielder,Cardiff City,21,0,N/A,0,0,0,0,0
Loris Karius,29,740732400,Germany,Goalkeeper,Liverpool,0,0,N/A,0,0,0,0,0
Luca de la Torre,24,895906800,USA,Midfielder,Fulham,0,0,N/A,0,0,0,0,0
Lucas Digne,29,743151600,France,Defender,Everton,2990,4,N/A,4,0,0,6,1
Lucas Perez,34,589878000,Spain,Forward,West Ham United,468,0,N/A,3,0,0,0,0
Lucas Rodrigues Moura da Silva,30,713689200,Brazil,Midfielder,Tottenham Hotspur,2127,0,N/A,10,0,0,3,0
Lucas Torreira,26,824025600,Uruguay,Midfielder,Arsenal,2377,2,N/A,2,0,0,8,1
Luciano Vietto,28,755078400,Argentina,Forward,Fulham,983,4,N/A,1,0,0,1,0
Luka Milivojević,31,671011200,Serbia,Midfielder,Crystal Palace,3420,2,N/A,12,10,1,10,0
Luke Amos,25,856684800,England,Midfielder,Tottenham Hotspur,2,0,N/A,0,0,0,0,0
Luke Dreher,23,912153600,England,Midfielder,Crystal Palace,0,0,N/A,0,0,0,0,0
Luke Shaw,27,805532400,England,Defender,Manchester United,2592,4,N/A,1,0,0,11,0
Lys Mousset,26,823766400,France,Forward,AFC Bournemouth,345,0,N/A,1,0,0,1,0
Maarten Stekelenburg,40,401526000,Netherlands,Goalkeeper,Everton,0,0,N/A,0,0,0,0,0
Mamadou Sakho,32,634896000,France,Defender,Crystal Palace,2417,0,N/A,0,0,0,2,0
Manolo Gabbiadini,30,691142400,Italy,Forward,Southampton,470,0,N/A,1,0,0,0,0
Manuel Lanzini,29,729763200,Argentina,Midfielder,West Ham United,688,1,N/A,1,0,0,2,0
Marc Albrighton,32,627379200,England,Midfielder,Leicester City,1626,2,N/A,2,0,0,3,0
Marc Guehi,22,963471600,England,Defender,Chelsea,0,0,N/A,0,0,0,0,0
Marc Navarro Ceciliano,27,804668400,Spain,Defender,Watford,84,0,N/A,0,0,0,0,0
Marc Pugh,35,544348800,England,Midfielder,AFC Bournemouth,0,0,N/A,0,0,0,0,0
Marcos Alonso,31,662371200,Spain,Defender,Chelsea,2761,4,N/A,2,0,0,6,0
Marcus Bettinelli,30,706690800,England,Goalkeeper,Fulham,630,0,N/A,0,0,0,1,0
Marcus Rashford,25,878284800,England,Forward,Manchester United,2362,6,N/A,10,0,0,4,1
Mario Lemina,29,746866800,Gabon,Midfielder,Southampton,1615,1,N/A,1,0,0,5,0
Mark Noble,35,547455600,England,Midfielder,West Ham United,2308,5,N/A,5,4,0,7,1
Mark Travers,23,927010800,Republic of Ireland,Goalkeeper,AFC Bournemouth,180,0,N/A,0,0,0,0,0
Marko Arnautović,33,608972400,Austria,Forward,West Ham United,2000,4,N/A,10,1,0,3,0
Markus Suttner,35,545554800,Austria,Defender,Brighton & Hove Albion,0,0,N/A,0,0,0,0,0
Marouane Fellaini,34,564566400,Belgium,Midfielder,Manchester United,744,1,N/A,0,0,0,1,0
Martin Dúbravka,33,600854400,Slovakia,Goalkeeper,Newcastle United,3420,0,N/A,0,0,0,1,0
Martin Kelly,32,641199600,England,Defender,Crystal Palace,1110,0,N/A,0,0,0,2,0
Martín Montoya,31,671612400,Spain,Defender,Brighton & Hove Albion,2166,1,N/A,0,0,0,4,0
Mason Greenwood,21,1001919600,England,Midfielder,Manchester United,115,0,N/A,0,0,0,0,0
Mason Holgate,26,845967600,England,Defender,Everton,407,0,N/A,0,0,0,1,0
Matěj Vydra,30,704703600,Czech Republic,Forward,Burnley,311,1,N/A,1,0,0,1,0
Mateo Kovačić,28,768207600,Croatia,Midfielder,Chelsea,1743,2,N/A,0,0,0,3,0
Mathew Ryan,30,702716400,Australia,Goalkeeper,Brighton & Hove Albion,3060,0,N/A,0,0,0,2,0
Mathias Jattah-Njie Jørgensen,32,640854000,Denmark,Defender,Huddersfield Town,2148,1,N/A,3,0,0,6,0
Matt Butcher,25,863593200,England,Midfielder,AFC Bournemouth,0,0,N/A,0,0,0,0,0
Matt Doherty,30,695548800,Republic of Ireland,Defender,Wolverhampton Wanderers,3147,5,N/A,4,0,0,5,0
Matt Ritchie,33,621414000,Scotland,Midfielder,Newcastle United,2940,8,N/A,2,1,1,9,0
Matt Targett,27,811407600,England,Defender,Southampton,1185,3,N/A,1,0,0,2,0
Matteo Darmian,32,628588800,Italy,Defender,Manchester United,443,0,N/A,0,0,0,0,0
Mattéo Guendouzi Olié,23,924073200,France,Midfielder,Arsenal,2143,0,N/A,0,0,0,9,0
Matthew Connolly,35,559465200,England,Defender,Cardiff City,0,0,N/A,0,0,0,0,0
Matthew Lowton,33,613378800,England,Defender,Burnley,1748,0,N/A,0,0,0,7,0
Matty Daly,21,984211200,England,Midfielder,Huddersfield Town,73,0,N/A,0,0,0,0,0
Max Harrison Sanders,23,915436800,England,Midfielder,Brighton & Hove Albion,0,0,N/A,0,0,0,0,0
Max Kilman,25,864370800,England,Defender,Wolverhampton Wanderers,0,0,N/A,0,0,0,0,0
Max Meyer,27,811407600,Germany,Midfielder,Crystal Palace,1414,2,N/A,1,0,0,3,0
Maxime Le Marchand,33,624092400,France,Defender,Fulham,2251,1,N/A,0,0,0,5,0
Maya Yoshida,34,588409200,Japan,Defender,Southampton,1520,1,N/A,0,0,0,0,0
Mesut Özil,34,592902000,Germany,Midfielder,Arsenal,1741,2,N/A,5,0,0,2,0
Michael Keane,29,726739200,England,Defender,Everton,2970,2,N/A,1,0,0,2,0
Michael Obafemi,22,962866800,Republic of Ireland,Forward,Southampton,134,1,N/A,1,0,0,1,0
Michail Antonio,32,638611200,England,Midfielder,West Ham United,2099,4,N/A,6,0,0,3,0
Michel Vorm,39,435481200,Netherlands,Goalkeeper,Tottenham Hotspur,180,0,N/A,0,0,0,0,0
Michy Batshuayi,29,749545200,Belgium,Forward,Crystal Palace,756,0,N/A,5,0,0,0,0
Miguel Ángel Almirón Rejala,28,760867200,Paraguay,Midfielder,Newcastle United,763,0,N/A,0,0,0,0,0
Miguel Ángel Britos Cabrera,37,490431600,Uruguay,Defender,Watford,185,0,N/A,0,0,0,0,0
Mohamed Diamé,35,550652400,Senegal,Midfielder,Newcastle United,2165,0,N/A,0,0,0,3,0
Mohamed Elneny,30,710838000,Egypt,Midfielder,Arsenal,381,0,N/A,0,0,0,0,0
Mohamed Elyounoussi,28,775983600,Norway,Midfielder,Southampton,790,0,N/A,0,0,0,0,0
Mohamed Salah,30,708591600,Egypt,Forward,Liverpool,3262,8,N/A,22,3,0,1,0
Morgan Gibbs-White,22,948960000,England,Midfielder,Wolverhampton Wanderers,647,1,N/A,0,0,0,1,0
Morgan Schneiderlin,32,626515200,France,Midfielder,Everton,833,1,N/A,0,0,0,2,0
Moussa Dembele,35,553417200,Belgium,Midfielder,Tottenham Hotspur,516,0,N/A,0,0,0,1,0
Moussa Sissoko,33,619254000,France,Midfielder,Tottenham Hotspur,2336,3,N/A,0,0,0,2,0
N'Golo Kanté,31,670233600,France,Midfielder,Chelsea,3096,4,N/A,4,0,0,3,0
Naby Deco Keïta,27,792403200,Guinea,Midfielder,Liverpool,1392,1,N/A,2,0,0,0,0
Nacho Monreal,36,509788800,Spain,Defender,Arsenal,1861,3,N/A,1,0,0,5,0
Nampalys Mendy,30,709282800,France,Midfielder,Leicester City,2088,0,N/A,0,0,0,5,0
Nathan Aké,27,793094400,Netherlands,Defender,AFC Bournemouth,3412,0,N/A,4,0,0,3,0
Nathan Holland,24,898239600,England,Midfielder,West Ham United,0,0,N/A,0,0,0,0,0
Nathan Redmond,28,762940800,England,Midfielder,Southampton,3276,4,N/A,6,0,0,3,0
Nathaniel Chalobah,27,787219200,England,Midfielder,Watford,266,0,N/A,0,0,0,2,0
Nathaniel Clyne,31,670838400,England,Defender,AFC Bournemouth,1254,1,N/A,0,0,0,2,0
Nathaniel Mendez-Laing,30,703321200,England,Midfielder,Cardiff City,984,1,N/A,4,1,0,0,0
Neeskens Kebano,30,700214400,Congo DR,Midfielder,Fulham,103,0,N/A,0,0,0,0,0
Neil Leonard Dula Etheridge,32,634377600,Philippines,Goalkeeper,Cardiff City,3420,0,N/A,0,0,0,2,0
Nemanja Matić,34,586422000,Serbia,Midfielder,Manchester United,2441,0,N/A,1,0,0,8,1
Nicolas Otamendi,34,571651200,Argentina,Defender,Manchester City,1233,0,N/A,0,0,0,1,0
Nikola Tavares,23,916560000,England,Defender,Crystal Palace,0,0,N/A,0,0,0,0,0
Nnamdi Ofoborh,22,941961600,England,Midfielder,AFC Bournemouth,0,0,N/A,0,0,0,0,0
Oleksandr Zinchenko,25,850636800,Ukraine,Midfielder,Manchester City,1153,3,N/A,0,0,0,1,0
Oliver Skipp,22,969087600,England,Midfielder,Tottenham Hotspur,216,0,N/A,0,0,0,0,0
Olivier Giroud,36,528447600,France,Forward,Chelsea,832,4,N/A,2,0,0,1,0
Onyinye Wilfred Ndidi,25,850723200,Nigeria,Midfielder,Leicester City,3299,0,N/A,2,0,0,8,0
Oriol Romeu,31,685695600,Spain,Midfielder,Southampton,2140,0,N/A,1,0,0,11,0
Oumar Niasse,32,640422000,Senegal,Forward,Cardiff City,998,0,N/A,0,0,0,0,0
Pablo Zabaleta,37,474710400,Argentina,Defender,West Ham United,2092,1,N/A,0,0,0,4,0
Pape N'Diaye Souaré,32,644655600,Senegal,Defender,Crystal Palace,0,0,N/A,0,0,0,0,0
Pascal Groß,31,676969200,Germany,Midfielder,Brighton & Hove Albion,1878,3,N/A,3,1,1,1,0
Patrick van Aanholt,32,651913200,Netherlands,Defender,Crystal Palace,3198,2,N/A,3,0,0,3,0
Paul Dummett,31,685868400,Wales,Defender,Newcastle United,1986,0,N/A,0,0,0,1,0
Paul Pogba,29,732182400,France,Midfielder,Manchester United,3011,9,N/A,13,7,3,6,0
Paulo Dino Gazzaniga,30,694339200,Argentina,Goalkeeper,Tottenham Hotspur,270,0,N/A,0,0,0,0,0
Pedro Obiang,30,701683200,Equatorial Guinea,Midfielder,West Ham United,1121,1,N/A,0,0,0,0,0
Pedro Rodriguez,35,554454000,Spain,Midfielder,Chelsea,1780,2,N/A,8,0,0,2,0
Peter Crouch,41,349689600,England,Forward,Burnley,86,0,N/A,0,0,0,1,0
Petr Čech,40,390726000,Czech Republic,Goalkeeper,Arsenal,585,0,N/A,0,0,0,0,0
Phil Bardsley,37,488790000,Scotland,Defender,Burnley,1672,0,N/A,0,0,0,9,0
Phil Jagielka,40,398415600,England,Defender,Everton,329,0,N/A,1,0,0,1,1
Phil Jones,30,698659200,England,Defender,Manchester United,1263,1,N/A,0,0,0,1,0
Philip Billing,26,834476400,Denmark,Midfielder,Huddersfield Town,2192,0,N/A,2,0,0,7,0
Philip Foden,22,959497200,England,Midfielder,Manchester City,327,0,N/A,1,0,0,0,0
Philippe Sandler,25,855561600,Netherlands,Defender,Manchester City,0,0,N/A,0,0,0,0,0
Pierre-Emerick Aubameyang,33,614156400,Gabon,Forward,Arsenal,2731,5,N/A,22,4,1,0,0
Pierre-Emile Højbjerg,27,807606000,Denmark,Midfielder,Southampton,2764,3,N/A,4,0,0,10,2
Rachid Ghezzal,30,705394800,Algeria,Forward,Leicester City,738,0,N/A,1,0,0,3,0
Rafael Euclides Soares Camacho,22,958978800,Portugal,Midfielder,Liverpool,0,0,N/A,0,0,0,0,0
Raheem Sterling,27,786873600,England,Forward,Manchester City,2777,10,N/A,17,0,0,3,0
Rajiv van La Parra,31,676018800,Netherlands,Midfielder,Huddersfield Town,407,0,N/A,0,0,0,0,0
Ramadan Sobhi,25,854006400,Egypt,Forward,Huddersfield Town,75,0,N/A,0,0,0,0,0
Raúl Alonso Jiménez Rodríguez,31,673426800,Mexico,Forward,Wolverhampton Wanderers,3124,7,N/A,13,2,0,4,0
Rhys Healey,27,786700800,England,Forward,Cardiff City,49,0,N/A,0,0,0,0,0
Ricardo Domingos Barbosa Pereira,29,749890800,Portugal,Defender,Leicester City,3125,6,N/A,2,0,0,7,0
Richarlison de Andrade,25,863247600,Brazil,Forward,Everton,2679,1,N/A,13,0,0,6,1
Riyad Mahrez,31,667123200,Algeria,Midfielder,Manchester City,1339,4,N/A,7,0,1,0,0
Rob Holding,27,811580400,England,Defender,Arsenal,807,0,N/A,0,0,0,1,0
Robbie Brady,30,695376000,Republic of Ireland,Midfielder,Burnley,715,1,N/A,0,0,0,4,1
Robert Kenedy Nunes do Nascimento,26,823766400,Brazil,Midfielder,Newcastle United,1344,1,N/A,1,0,1,1,0
Robert Snodgrass,35,557996400,Scotland,Midfielder,West Ham United,2222,5,N/A,2,0,0,10,0
Roberto Firmino,31,686386800,Brazil,Forward,Liverpool,2620,6,N/A,12,1,0,0,0
Roberto Maximiliano Pereyra,31,663235200,Argentina,Forward,Watford,2825,1,N/A,6,0,0,3,0
Romain Saïss,32,638438400,Morocco,Midfielder,Wolverhampton Wanderers,1144,0,N/A,2,0,0,7,0
Romelu Lukaku,29,737276400,Belgium,Forward,Manchester United,2130,0,N/A,12,0,0,4,0
Rondon,33,621932400,Venezuela,Forward,Newcastle United,2609,7,N/A,11,0,0,1,0
Ross Barkley,28,755078400,England,Midfielder,Chelsea,1241,5,N/A,3,0,0,1,0
Rúben Diogo Da Silva Neves,25,858240000,Portugal,Midfielder,Wolverhampton Wanderers,3009,3,N/A,4,2,0,8,0
Rúben Gonçalo Silva Nascimento Vinagre,23,923641200,Portugal,Defender,Wolverhampton Wanderers,703,0,N/A,0,0,0,1,0
Ruben Loftus-Cheek,26,822384000,England,Midfielder,Chelsea,983,2,N/A,6,0,0,0,0
Rui Pedro dos Santos Patrício,34,571910400,Portugal,Goalkeeper,Wolverhampton Wanderers,3330,0,N/A,0,0,0,0,0
Ryan Bennett,32,636710400,England,Defender,Wolverhampton Wanderers,3060,0,N/A,1,0,0,12,0
Ryan Bertrand,33,618303600,England,Defender,Southampton,2160,0,N/A,1,0,0,8,0
Ryan Fraser,28,762076800,Scotland,Midfielder,AFC Bournemouth,3173,14,N/A,7,0,0,2,0
Ryan Fredericks,30,718700400,England,Midfielder,West Ham United,1085,0,N/A,1,0,0,5,0
Ryan Giles,22,948873600,England,Midfielder,Wolverhampton Wanderers,0,0,N/A,0,0,0,0,0
Ryan Guno Babel,35,535363200,Netherlands,Forward,Fulham,1260,3,N/A,5,0,0,3,0
Ryan Schofield,22,944899200,England,Goalkeeper,Huddersfield Town,0,0,N/A,0,0,0,0,0
Ryan Sessegnon,22,958633200,England,Defender,Fulham,2298,6,N/A,2,0,0,0,0
Sadio Mané,30,702889200,Senegal,Forward,Liverpool,3086,1,N/A,22,0,0,2,0
Sam Gallagher,27,811148400,England,Forward,Southampton,30,0,N/A,0,0,0,0,0
Sam Surridge,24,901609200,England,Forward,AFC Bournemouth,11,0,N/A,0,0,0,0,0
Sam Vokes,33,624956400,Wales,Forward,Burnley,913,0,N/A,3,0,0,0,0
Sam Woods,24,905497200,England,Defender,Crystal Palace,0,0,N/A,0,0,0,0,0
Samir Nasri,35,551689200,France,Midfielder,West Ham United,246,2,N/A,0,0,0,0,0
Sandro Ramirez,27,805273200,Spain,Forward,Everton,0,0,N/A,0,0,0,0,0
Scott Dann,35,540288000,England,Defender,Crystal Palace,660,1,N/A,0,0,0,1,0
Scott McTominay,25,850032000,England,Midfielder,Manchester United,861,0,N/A,2,0,0,1,0
Sead Kolašinac,29,740559600,Bosnia and Herzegovina,Defender,Arsenal,1891,5,N/A,0,0,0,5,0
Séamus Coleman,34,592556400,Republic of Ireland,Defender,Everton,2560,2,N/A,2,0,0,1,0
Sean Longstaff,25,878198400,England,Midfielder,Newcastle United,688,0,N/A,1,0,0,2,0
Sean Morrison,31,663321600,England,Defender,Cardiff City,3040,3,N/A,1,0,0,6,0
Sebastian Prödl,35,551257200,Austria,Defender,Watford,13,0,N/A,0,0,0,0,0
Serge Aurier,29,725184000,Ivory Coast,Defender,Tottenham Hotspur,564,2,N/A,0,0,0,1,0
Sergio Aguero,34,581238000,Argentina,Forward,Manchester City,2480,8,N/A,21,2,0,3,0
Sergio Germán Romero,35,540979200,Argentina,Goalkeeper,Manchester United,0,0,N/A,0,0,0,0,0
Sergio Rico,29,746866800,Spain,Goalkeeper,Fulham,2610,0,N/A,0,0,0,1,0
Shane Duffy,30,694252800,Republic of Ireland,Defender,Brighton & Hove Albion,3088,1,N/A,5,0,0,5,1
Shane Long,35,538300800,Republic of Ireland,Forward,Southampton,1269,1,N/A,5,0,0,3,0
Shinji Okazaki,36,514022400,Japan,Forward,Leicester City,269,1,N/A,0,0,0,0,0
Shkodran Mustafi,30,703494000,Germany,Defender,Arsenal,2617,0,N/A,2,0,0,9,0
Simon Francis,37,477388800,England,Defender,AFC Bournemouth,1226,2,N/A,0,0,0,1,0
Simon Mignolet,34,573638400,Belgium,Goalkeeper,Liverpool,0,0,N/A,0,0,0,0,0
Sokratis Papastathopoulos,34,581842800,Greece,Defender,Arsenal,2199,2,N/A,1,0,0,12,0
Solomon March,28,774687600,England,Midfielder,Brighton & Hove Albion,2473,5,N/A,1,0,0,1,0
Souleymane Bamba,37,474451200,Ivory Coast,Defender,Cardiff City,2475,1,N/A,4,0,0,7,0
Stefan Marius Johansen,31,663321600,Norway,Midfielder,Fulham,412,0,N/A,0,0,0,4,0
Stefano Okaka,33,618649200,Italy,Forward,Watford,22,0,N/A,0,0,0,1,0
Stephan Lichtsteiner,38,443088000,Switzerland,Defender,Arsenal,940,0,N/A,0,0,0,3,0
Stephen Ward,37,493369200,Republic of Ireland,Defender,Burnley,230,0,N/A,0,0,0,1,0
Steve Cook,31,672044400,England,Defender,AFC Bournemouth,2787,1,N/A,1,0,0,3,0
Steve Mounié,28,780822000,Benin,Forward,Huddersfield Town,1777,3,N/A,2,0,0,2,1
Steven Davis,37,473414400,Northern Ireland,Midfielder,Southampton,96,1,N/A,0,0,0,0,0
Steven Defour,34,577090800,Belgium,Midfielder,Burnley,452,0,N/A,0,0,0,0,0
Stuart Armstrong,30,701942400,Scotland,Midfielder,Southampton,1432,2,N/A,3,0,0,2,0
Sullay Kaikai,27,809420400,England,Midfielder,Crystal Palace,0,0,N/A,0,0,0,0,0
Sung-Yeung Ki,33,601632000,South Korea,Midfielder,Newcastle United,1302,1,N/A,0,0,0,2,0
Tahith Chong,22,944294400,Netherlands,Forward,Manchester United,36,0,N/A,0,0,0,0,0
Terence Kongolo,28,761212800,Netherlands,Defender,Huddersfield Town,2722,1,N/A,1,0,0,4,0
Theo Walcott,33,606038400,England,Forward,Everton,2122,2,N/A,5,0,0,1,0
Tim Ream,35,560415600,USA,Defender,Fulham,2051,0,N/A,0,0,0,1,0
Timothy Eyoma,22,949132800,England,Defender,Tottenham Hotspur,0,0,N/A,0,0,0,0,0
Timothy Fosu-Mensah,24,883728000,Netherlands,Defender,Fulham,795,0,N/A,0,0,0,3,0
Toby Alderweireld,33,604828800,Belgium,Defender,Tottenham Hotspur,2924,0,N/A,0,0,0,3,0
Tom Cairney,31,664358400,Scotland,Midfielder,Fulham,2198,1,N/A,1,0,0,0,0
Tom Cleverley,33,618908400,England,Midfielder,Watford,470,0,N/A,1,0,0,2,0
Tom Davies,24,899190000,England,Midfielder,Everton,975,0,N/A,0,0,0,3,0
Tom Heaton,36,513936000,England,Goalkeeper,Burnley,1710,0,N/A,0,0,0,3,0
Tom Smith,30,703234800,England,Defender,Huddersfield Town,1141,0,N/A,0,0,0,3,1
Trent Alexander-Arnold,24,907743600,England,Defender,Liverpool,2467,12,N/A,1,0,0,3,0
Troy Deeney,34,583570800,England,Forward,Watford,2548,5,N/A,9,1,0,5,1
Tyias Browning,28,770022000,England,Defender,Everton,0,0,N/A,0,0,0,0,0
Tyreke Johnson,24,910080000,England,Defender,Southampton,0,0,N/A,0,0,0,0,0
Tyrone Mings,29,732009600,England,Defender,AFC Bournemouth,141,0,N/A,0,0,0,0,0
Vicente Guaita,35,537264000,Spain,Goalkeeper,Crystal Palace,1755,0,N/A,0,0,0,2,0
Vicente Iborra De La Fuente,34,569318400,Spain,Midfielder,Leicester City,226,0,N/A,0,0,0,0,0
Víctor Camarasa,28,770108400,Spain,Midfielder,Cardiff City,2579,4,N/A,5,1,0,6,0
Victor Moses,31,660988800,Nigeria,Midfielder,Chelsea,26,0,N/A,0,0,0,0,0
Victor Nilsson Lindelöf,28,774428400,Sweden,Defender,Manchester United,2602,1,N/A,1,0,0,1,0
Victor Wanyama,31,677833200,Kenya,Midfielder,Tottenham Hotspur,509,0,N/A,1,0,0,2,0
Viktor Gyökeres,24,896943600,Sweden,Forward,Brighton & Hove Albion,0,0,N/A,0,0,0,0,0
Vincent Janssen,28,771663600,Netherlands,Forward,Tottenham Hotspur,36,0,N/A,0,0,0,0,0
Vincent Kompany,36,513504000,Belgium,Defender,Manchester City,1223,0,N/A,1,0,0,6,0
Virgil van Dijk,31,678956400,Netherlands,Defender,Liverpool,3385,2,N/A,4,0,0,1,0
Wayne Hennessey,35,538473600,Wales,Goalkeeper,Crystal Palace,1575,0,N/A,0,0,0,0,0
Wes Morgan,38,443520000,Jamaica,Defender,Leicester City,1926,0,N/A,3,0,0,5,2
Wesley Hoedt,28,762940800,Netherlands,Defender,Southampton,1170,0,N/A,0,0,0,2,0
Wilfredo Daniel Caballero,41,370508400,Argentina,Goalkeeper,Chelsea,180,0,N/A,0,0,0,0,0
Wilfried Zaha,29,721382400,Ivory Coast,Midfielder,Crystal Palace,3041,5,N/A,10,0,0,10,1
Will Hughes,27,798102000,England,Midfielder,Watford,2436,4,N/A,2,0,0,5,0
Will Norris,29,745138800,England,Goalkeeper,Wolverhampton Wanderers,0,0,N/A,0,0,0,0,0
Willian,34,587113200,Brazil,Forward,Chelsea,2108,6,N/A,3,0,0,2,0
Willy Boly,31,665568000,France,Defender,Wolverhampton Wanderers,3169,0,N/A,4,0,0,3,1
Xherdan Shaqiri,31,687078000,Switzerland,Midfielder,Liverpool,1058,3,N/A,6,0,0,2,0
Yann Valery,23,919670400,France,Defender,Southampton,1715,1,N/A,2,0,0,5,1
Yerry Fernando Mina González,28,780303600,Colombia,Defender,Everton,890,0,N/A,1,0,0,3,0
Yoshinori Muto,30,711183600,Japan,Forward,Newcastle United,516,0,N/A,1,0,0,1,0
Youri Tielemans,25,862988400,Belgium,Midfielder,Leicester City,1092,4,N/A,3,0,0,2,0
Yves Bissouma,26,841388400,Mali,Midfielder,Brighton & Hove Albion,1769,0,N/A,0,0,0,5,0
Zechariah Medley,22,962953200,England,Defender,Arsenal,0,0,N/A,0,0,0,0,0
Zeze Steven Sessegnon,22,958633200,England,Defender,Fulham,0,0,N/A,0,0,0,0,0
Łukasz Fabiański,37,482659200,Poland,Goalkeeper,West Ham United,3420,0,N/A,0,0,0,0,0
