Juan,45,hoy,Chapin,Portero,Rojos Cremas,0,0,0,0,0,0,0,0
Aaron Ramsey,31,1990/12/26,Wales,Midfielder,Arsenal,1327,6,0,4,0,0,0,0
Aaron Rowe,22,2000/09/07,England,Forward,Huddersfield Town,69,0,0,0,0,0,0,0
Aaron Wan Bissaka,24,1997/11/26,England,Midfielder,Crystal Palace,3135,3,0,0,0,0,5,1
Abdelhamid Sabiri,25,1996/11/28,Morocco,Midfielder,Huddersfield Town,49,0,0,0,0,0,0,0
Abdoulaye Doucouré,29,1993/01/01,France,Midfielder,Watford,3062,6,0,5,0,0,7,0
Aboubakar Kamara,27,1995/03/07,France,Forward,Fulham,687,0,0,3,1,1,2,0
Adalberto Peñaranda Maestre,25,1997/05/31,Venezuela,Forward,Watford,0,0,0,0,0,0,0,0
Adam David Lallana,34,1988/05/10,England,Midfielder,Liverpool,465,0,0,0,0,0,1,0
Adam Masina,28,1994/01/02,Italy,Defender,Watford,1003,1,0,0,0,0,5,0
Adam Smith,31,1991/04/29,England,Defender,AFC Bournemouth,2073,1,0,1,0,0,6,1
Adama Diakhaby,26,1996/07/05,France,Forward,Huddersfield Town,551,0,0,0,0,0,1,0
Adama Traoré Diarra,26,1996/01/25,Spain,Midfielder,Wolverhampton Wanderers,890,1,0,1,0,0,1,0
Ademola Lookman,25,1997/10/20,England,Forward,Everton,601,2,0,0,0,0,0,0
Adrian Mariappa,36,1986/10/03,Jamaica,Defender,Watford,1921,0,0,0,0,0,3,0
Adrián San Miguel del Castillo,35,1987/01/03,Spain,Goalkeeper,West Ham United,0,0,0,0,0,0,0,0
Adrien Sebastian Perruchet Silva,33,1989/03/15,Portugal,Midfielder,Leicester City,88,0,0,0,0,0,0,0
Ainsley Maitland Niles,25,1997/08/29,England,Midfielder,Arsenal,985,1,0,1,0,0,3,1
Alberto Moreno,30,1992/07/05,Spain,Defender,Liverpool,155,0,0,0,0,0,0,0
Aleksandar Mitrović,28,1994/09/16,Serbia,Forward,Fulham,3282,3,0,11,1,0,7,0
Alex Iwobi,26,1996/05/03,Nigeria,Forward,Arsenal,1972,6,0,3,0,0,0,0
Alex McCarthy,32,1989/12/03,England,Goalkeeper,Southampton,2250,0,0,0,0,0,1,0
Alex Oxlade Chamberlain,29,1993/08/15,England,Midfielder,Liverpool,19,0,0,0,0,0,0,0
Alex Pritchard,29,1993/05/03,England,Midfielder,Huddersfield Town,2092,0,0,2,0,0,2,0
Alex Smithies,32,1990/03/05,England,Goalkeeper,Cardiff City,0,0,0,0,0,0,0,0
Alexander Sørloth,26,1995/12/05,Norway,Forward,Crystal Palace,173,0,0,0,0,0,0,0
Alexandre Lacazette,31,1991/05/28,France,Forward,Arsenal,2503,8,0,13,0,0,2,0
Alexandre Nascimento Costa Silva,25,1997/03/16,Portugal,Forward,West Ham United,17,0,0,0,0,0,0,0
Alexis Sanchez,33,1988/12/19,Chile,Forward,Manchester United,877,3,0,1,0,0,3,0
Alfie Jones,25,1997/10/07,England,Defender,Southampton,0,0,0,0,0,0,0,0
Alfie Mawson,28,1994/01/19,England,Defender,Fulham,1131,0,0,0,0,0,2,0
Alfie Whiteman,24,1998/10/02,England,Goalkeeper,Tottenham Hotspur,0,0,0,0,0,0,0,0
Ali Koiki,22,2000/08/22,England,Defender,Burnley,0,0,0,0,0,0,0,0
Alireza Jahanbakhsh,29,1993/08/11,Iran,Forward,Brighton & Hove Albion,1022,0,0,0,0,0,2,0
Alisson Becker,30,1992/10/02,Brazil,Goalkeeper,Liverpool,3420,0,0,0,0,0,1,0
Alvaro Morata,30,1992/10/23,Spain,Forward,Chelsea,943,0,0,5,0,0,3,0
Ander Herrera,33,1989/08/14,Spain,Midfielder,Manchester United,1404,3,0,2,0,0,4,0
André Filipe Tavares Gomes,29,1993/07/30,Portugal,Midfielder,Everton,1986,1,0,1,0,0,7,0
Andre Gray,31,1991/06/26,England,Forward,Watford,1358,2,0,7,0,0,2,0
André Schürrle,31,1990/11/06,Germany,Midfielder,Fulham,1650,0,0,6,0,0,2,0
André Frank Zambo Anguissa,26,1995/11/16,Cameroon,Midfielder,Fulham,1518,0,0,0,0,0,3,1
Andreas Christensen,26,1996/04/10,Denmark,Defender,Chelsea,615,0,0,0,0,0,1,0
Andreas Pereira,26,1996/01/01,Brazil,Midfielder,Manchester United,595,1,0,1,0,0,5,0
Andrew Robertson,28,1994/03/11,Scotland,Defender,Liverpool,3219,11,0,0,0,0,4,0
Andrew Surman,36,1986/08/20,England,Midfielder,AFC Bournemouth,1438,0,0,0,0,0,2,0
Andriy Yarmolenko,33,1989/10/23,Ukraine,Forward,West Ham United,459,0,0,2,0,0,2,0
Andros Townsend,31,1991/07/16,England,Midfielder,Crystal Palace,3018,4,0,6,0,0,1,0
Andy Carroll,33,1989/01/06,England,Forward,West Ham United,454,0,0,0,0,0,2,0
Angel Gomes,22,2000/08/31,England,Midfielder,Manchester United,25,0,0,0,0,0,0,0
Angelo Ogbonna,34,1988/05/23,Italy,Defender,West Ham United,1870,1,0,1,0,0,2,0
Angus Gunn,26,1996/01/22,England,Goalkeeper,Southampton,1080,0,0,0,0,0,0,0
Anthony Driscoll Glennon,22,1999/11/26,England,Defender,Burnley,0,0,0,0,0,0,0,0
Anthony Knockaert,30,1991/11/20,France,Midfielder,Brighton & Hove Albion,1832,6,0,2,0,0,5,1
Anthony Martial,26,1995/12/05,France,Forward,Manchester United,1623,2,0,10,1,0,2,0
Antonio Barreca,27,1995/03/18,Italy,Defender,Newcastle United,4,0,0,0,0,0,0,0
Antonio Rüdiger,29,1993/03/03,Germany,Defender,Chelsea,2874,0,0,1,0,0,7,0
Antonio Valencia,37,1985/08/04,Ecuador,Defender,Manchester United,466,0,0,0,0,0,2,0
Arijanet Muric,23,1998/11/07,Montenegro,Goalkeeper,Manchester City,0,0,0,0,0,0,0,0
Aron Einar Gunnarsson,33,1989/04/22,Iceland,Midfielder,Cardiff City,2274,1,0,1,0,0,5,0
Arthur Masuaku,28,1993/11/07,France,Defender,West Ham United,1756,1,0,0,0,0,2,0
Artur Boruc,42,1980/02/20,Poland,Goalkeeper,AFC Bournemouth,1080,0,0,0,0,0,2,0
Ashley Barnes,32,1989/10/30,England,Forward,Burnley,2400,2,0,12,2,0,8,0
Ashley Westwood,32,1990/04/01,England,Midfielder,Burnley,2822,7,0,2,0,0,5,0
Ashley Young,37,1985/07/09,England,Midfielder,Manchester United,2568,2,0,2,0,0,10,1
Asmir Begović,35,1987/06/20,Bosnia and Herzegovina,Goalkeeper,AFC Bournemouth,2160,0,0,0,0,0,0,0
Aymeric Laporte,28,1994/05/27,France,Defender,Manchester City,3057,3,0,3,0,0,3,0
Ayoze Perez,29,1993/07/29,Spain,Forward,Newcastle United,2929,2,0,12,0,0,2,0
Bakary Sako,34,1988/04/26,Mali,Midfielder,Crystal Palace,25,0,0,0,0,0,0,0
Ben Chilwell,25,1996/12/21,England,Defender,Leicester City,3240,4,0,0,0,0,4,0
Ben Davies,29,1993/04/24,Wales,Defender,Tottenham Hotspur,1839,0,0,0,0,0,2,0
Ben Foster,39,1983/04/03,England,Goalkeeper,Watford,3420,0,0,0,0,0,1,0
Ben Gibson,29,1993/01/15,England,Defender,Burnley,63,0,0,1,0,0,1,0
Ben Hamer,34,1987/11/20,England,Goalkeeper,Huddersfield Town,553,0,0,0,0,0,0,0
Ben Mee,33,1989/09/21,England,Defender,Burnley,3420,2,0,0,0,0,9,0
Ben White,25,1997/10/08,England,Defender,Brighton & Hove Albion,0,0,0,0,0,0,0,0
Ben Wilmot,23,1999/11/04,England,Defender,Watford,26,0,0,0,0,0,0,0
Benjamin Johnson,22,2000/01/24,England,Forward,West Ham United,63,0,0,0,0,0,0,0
Benjamin Mendy,28,1994/07/17,France,Defender,Manchester City,900,5,0,0,0,0,1,0
Beram Kayal,34,1988/05/02,Israel,Midfielder,Brighton & Hove Albion,934,1,0,1,0,0,4,0
Bernard Anício Caldeira Duarte,30,1992/09/08,Brazil,Midfielder,Everton,2128,3,0,1,0,0,5,0
Bernardo,27,1995/05/14,Brazil,Defender,Brighton & Hove Albion,1750,1,0,0,0,0,4,0
Bernardo Silva,28,1994/08/10,Portugal,Midfielder,Manchester City,2853,7,0,7,0,0,3,0
Bernd Leno,30,1992/03/04,Germany,Goalkeeper,Arsenal,2835,0,0,0,0,0,0,0
Bobby Reid,29,1993/02/02,England,Midfielder,Cardiff City,1422,2,0,5,1,0,0,0
Brian Murphy,39,1983/05/07,Republic of Ireland,Goalkeeper,Cardiff City,0,0,0,0,0,0,0,0
Bright Enobakhare,24,1998/02/08,England,Forward,Wolverhampton Wanderers,0,0,0,0,0,0,0,0
Bruno Écuélé Manga,34,1988/07/16,Gabon,Defender,Cardiff City,3375,1,0,0,0,0,0,0
Bruno Saltor Grau,42,1980/10/01,Spain,Defender,Brighton & Hove Albion,1136,1,0,0,0,0,2,0
Caglar Söyüncü,26,1996/05/23,Turkey,Defender,Leicester City,371,0,0,0,0,0,1,0
Callum Hudson Odoi,21,2000/11/07,England,Midfielder,Chelsea,391,1,0,0,0,0,0,0
Callum Paterson,28,1994/10/13,Scotland,Defender,Cardiff City,1996,1,0,4,0,0,4,0
Callum Roberts,25,1997/04/14,England,Forward,Newcastle United,0,0,0,0,0,0,0,0
Callum Slattery,23,1999/02/08,England,Midfielder,Southampton,110,0,0,0,0,0,0,0
Callum Wilson,30,1992/02/27,England,Forward,AFC Bournemouth,2535,9,0,14,1,1,3,0
Calum Chambers,27,1995/01/20,England,Defender,Fulham,2587,0,0,2,0,0,9,0
Cameron John,23,1999/08/24,England,Defender,Wolverhampton Wanderers,0,0,0,0,0,0,0,0
Carl Jenkinson,30,1992/02/08,England,Defender,Arsenal,166,0,0,0,0,0,0,0
Carlos Sánchez,36,1986/02/06,Colombia,Midfielder,West Ham United,240,0,0,0,0,0,0,0
Cedric Soares,31,1991/08/31,Portugal,Defender,Southampton,1494,2,0,1,0,0,4,0
Cenk Tosun,31,1991/06/07,Turkey,Forward,Everton,1050,3,0,3,0,0,3,0
Cesar Azpilicueta,33,1989/08/28,Spain,Defender,Chelsea,3403,5,0,1,0,0,4,0
Cesc Fabregas,35,1987/05/04,Spain,Midfielder,Chelsea,175,0,0,0,0,0,1,0
Charlie Austin,33,1989/07/05,England,Forward,Southampton,980,2,0,2,0,1,1,0
Charlie Daniels,36,1986/09/07,England,Defender,AFC Bournemouth,1583,0,0,1,0,0,4,0
Charlie Taylor,29,1993/09/18,England,Defender,Burnley,3240,1,0,0,0,0,2,0
Cheikhou Kouyaté,32,1989/12/21,Senegal,Midfielder,Crystal Palace,1897,2,0,0,0,0,3,0
Chris Löwe,33,1989/04/16,Germany,Defender,Huddersfield Town,2056,2,0,0,0,0,2,0
Chris Mepham,24,1997/11/05,Wales,Defender,AFC Bournemouth,849,1,0,0,0,0,1,0
Chris Smalling,32,1989/11/22,England,Defender,Manchester United,2128,0,0,1,0,0,1,0
Chris Wood,30,1991/12/07,New Zealand,Forward,Burnley,2582,2,0,10,0,0,2,0
Christian Atsu Twasam,30,1992/01/10,Ghana,Midfielder,Newcastle United,1487,0,0,1,0,0,2,0
Christian Benteke,31,1990/12/03,Belgium,Forward,Crystal Palace,813,1,0,1,0,0,1,0
Christian Eriksen,30,1992/02/14,Denmark,Midfielder,Tottenham Hotspur,2772,12,0,8,0,0,3,0
Christian Fuchs,36,1986/04/07,Austria,Defender,Leicester City,206,0,0,0,0,0,0,0
Christian Kabasele,31,1991/02/24,Belgium,Defender,Watford,1587,0,0,0,0,0,4,1
Christopher Schindler,32,1990/04/29,Germany,Defender,Huddersfield Town,3262,0,0,1,0,0,6,1
Ciaran Clark,33,1989/09/26,Republic of Ireland,Defender,Newcastle United,857,0,0,3,0,0,1,0
Claudio Andrés Bravo Muñoz,39,1983/04/13,Chile,Goalkeeper,Manchester City,0,0,0,0,0,0,0,0
Collin Quaner,31,1991/06/18,Germany,Forward,Huddersfield Town,37,0,0,0,0,0,0,0
Connor Wickham,29,1993/03/31,England,Forward,Crystal Palace,61,1,0,0,0,0,0,0
Conor Coady,29,1993/02/25,England,Midfielder,Wolverhampton Wanderers,3420,0,0,0,0,0,5,0
Conor Coventry,22,2000/03/25,Republic of Ireland,Midfielder,West Ham United,0,0,0,0,0,0,0,0
Craig Cathcart,33,1989/02/06,Northern Ireland,Defender,Watford,3099,0,0,3,0,0,2,0
Curtis Jones,21,2001/01/30,England,Midfielder,Liverpool,0,0,0,0,0,0,0,0
Cyrus Christie,30,1992/09/30,Republic of Ireland,Defender,Fulham,1943,1,0,0,0,0,7,0
Dale Stephens,33,1989/06/12,England,Midfielder,Brighton & Hove Albion,2487,1,0,1,0,0,7,1
Damián Emiliano Martínez,30,1992/09/02,Argentina,Goalkeeper,Arsenal,0,0,0,0,0,0,0,0
Dan Burn,30,1992/05/09,England,Defender,Brighton & Hove Albion,0,0,0,0,0,0,0,0
Dan Gosling,32,1990/02/01,England,Midfielder,AFC Bournemouth,1737,1,0,2,0,0,8,0
Daniel Amartey,27,1994/12/21,Ghana,Midfielder,Leicester City,640,0,0,0,0,0,2,0
Daniel Sturridge,33,1989/09/01,England,Forward,Liverpool,496,1,0,2,0,0,1,0
Daniel William John Ings,30,1992/07/23,England,Forward,Southampton,1668,3,0,7,3,0,1,0
Daniel Williams,33,1989/03/08,USA,Midfielder,Huddersfield Town,93,0,0,0,0,0,1,0
Danilo,31,1991/07/15,Brazil,Defender,Manchester City,806,0,0,1,0,0,1,0
Danny Drinkwater,32,1990/03/05,England,Midfielder,Chelsea,0,0,0,0,0,0,0,0
Danny Rose,32,1990/07/02,England,Defender,Tottenham Hotspur,1806,3,0,0,0,0,5,0
Danny Simpson,35,1987/01/04,England,Defender,Leicester City,291,0,0,0,0,0,0,0
Danny Ward,29,1993/06/22,Wales,Goalkeeper,Leicester City,0,0,0,0,0,0,0,0
Danny Ward,31,1990/12/09,England,Forward,Cardiff City,440,0,0,1,0,0,0,0
Danny Welbeck,31,1990/11/26,England,Forward,Arsenal,147,1,0,1,0,0,0,0
Daryl Janmaat,33,1989/07/22,Netherlands,Defender,Watford,1521,2,0,0,0,0,3,0
David Brooks,25,1997/07/08,England,Forward,AFC Bournemouth,2278,5,0,7,0,0,3,0
David Button,33,1989/02/27,England,Goalkeeper,Brighton & Hove Albion,360,0,0,0,0,0,0,0
David de Gea,31,1990/11/07,Spain,Goalkeeper,Manchester United,3420,0,0,0,0,0,1,0
David Junior Hoilett,32,1990/06/05,Canada,Forward,Cardiff City,2142,1,0,3,0,0,4,0
David Luiz,35,1987/04/22,Brazil,Defender,Chelsea,3239,2,0,3,0,0,3,0
David Silva,36,1986/01/08,Spain,Midfielder,Manchester City,2411,8,0,6,0,0,3,0
Davide Zappacosta,30,1992/06/11,Italy,Defender,Chelsea,125,0,0,0,0,0,0,0
Davinson Sánchez Mina,26,1996/06/12,Colombia,Defender,Tottenham Hotspur,1943,1,0,1,0,0,2,0
Davy Pröpper,31,1991/09/02,Netherlands,Midfielder,Brighton & Hove Albion,2551,1,0,1,0,0,2,0
DeAndre Yedlin,29,1993/07/09,USA,Defender,Newcastle United,2475,2,0,1,0,0,7,1
Declan Rice,23,1999/01/14,Republic of Ireland,Midfielder,West Ham United,3005,0,0,2,0,0,4,0
Dejan Lovren,33,1989/07/05,Croatia,Defender,Liverpool,985,0,0,1,0,0,1,0
Dele Alli,26,1996/04/11,England,Midfielder,Tottenham Hotspur,1827,3,0,5,0,0,4,0
Demarai Gray,26,1996/06/28,England,Midfielder,Leicester City,1992,1,0,4,0,0,2,0
Demeaco Duhaney,24,1998/10/13,England,Defender,Huddersfield Town,46,0,0,0,0,0,0,0
Denis Odoi,34,1988/05/27,Belgium,Defender,Fulham,2593,1,0,0,0,0,4,0
Denis Suárez,28,1994/01/06,Spain,Midfielder,Arsenal,67,0,0,0,0,0,0,0
Diego Rico,29,1993/02/23,Spain,Defender,AFC Bournemouth,607,0,0,0,0,0,1,0
Diogo José Teixeira da Silva,25,1996/12/04,Portugal,Midfielder,Wolverhampton Wanderers,2371,5,0,9,0,0,11,0
Divock Origi,27,1995/04/18,Belgium,Forward,Liverpool,366,1,0,3,0,0,0,0
Domingos Quina,22,1999/11/18,Portugal,Midfielder,Watford,335,0,0,1,0,0,0,0
Dominic Calvert Lewin,25,1997/03/16,England,Forward,Everton,1774,2,0,6,0,0,3,0
Dominic Solanke,25,1997/09/14,England,Forward,AFC Bournemouth,341,1,0,0,0,0,0,0
Dwight McNeil,22,1999/11/22,England,Forward,Burnley,1599,5,0,3,0,0,2,0
Eden Hazard,31,1991/01/07,Belgium,Midfielder,Chelsea,2926,15,0,16,4,0,2,0
Ederson,29,1993/08/17,Brazil,Goalkeeper,Manchester City,3420,1,0,0,0,0,2,0
Edward Nketiah,23,1999/05/30,England,Forward,Arsenal,62,0,0,1,0,0,0,0
Elias Kachunga,30,1992/04/22,Congo DR,Forward,Huddersfield Town,1181,0,0,0,0,0,2,0
Emerson Hyndman,26,1996/04/09,USA,Midfielder,AFC Bournemouth,37,0,0,0,0,0,0,0
Emerson Palmieri dos Santos,28,1994/08/03,Italy,Defender,Chelsea,660,0,0,0,0,0,0,0
Emile Smith Rowe,22,2000/07/28,England,Midfielder,Arsenal,0,0,0,0,0,0,0,0
Eric Bertrand Bailly,28,1994/04/12,Ivory Coast,Defender,Manchester United,637,0,0,0,0,0,1,1
Eric Dier,28,1994/01/15,England,Midfielder,Tottenham Hotspur,1510,0,0,3,0,0,4,0
Erik Durm,30,1992/05/12,Germany,Defender,Huddersfield Town,2052,1,0,0,0,0,0,0
Erik Lamela,30,1992/03/04,Argentina,Midfielder,Tottenham Hotspur,971,2,0,4,0,0,2,0
Ethan Ampadu,22,2000/09/14,Wales,Midfielder,Chelsea,0,0,0,0,0,0,0,0
Etienne Capoue,34,1988/07/11,France,Midfielder,Watford,2947,3,0,1,0,0,15,1
Fabián Cornelio Balbuena González,31,1991/08/23,Paraguay,Defender,West Ham United,2014,0,0,1,0,0,2,0
Fabian Delph,32,1989/11/21,England,Midfielder,Manchester City,725,1,0,0,0,0,2,1
Fabian Schär,30,1991/12/20,Switzerland,Defender,Newcastle United,2002,1,0,4,0,0,12,0
Fabinho,29,1993/10/23,Brazil,Midfielder,Liverpool,2013,2,0,1,0,0,6,0
Fabricio Martín Agosto Ramírez,34,1987/12/31,Spain,Goalkeeper,Fulham,180,0,0,0,0,0,0,0
Faustino Marcos Alberto Rojo,32,1990/03/20,Argentina,Defender,Manchester United,211,0,0,0,0,0,2,0
Federico Fernández,33,1989/02/21,Argentina,Defender,Newcastle United,1484,1,0,0,0,0,2,0
Felipe Anderson Pereira Gomes,29,1993/04/15,Brazil,Midfielder,West Ham United,3054,4,0,9,0,0,3,0
Fernando Llorente Torres,37,1985/02/26,Spain,Forward,Tottenham Hotspur,683,4,0,1,0,0,2,0
Fernando Luiz Rosa,37,1985/05/04,Brazil,Midfielder,Manchester City,2381,3,0,1,0,0,5,0
Florent Hadergjonaj,28,1994/07/31,Switzerland,Defender,Huddersfield Town,1840,0,0,0,0,0,1,0
Florian Lejeune,31,1991/05/20,France,Defender,Newcastle United,1055,0,0,0,0,0,0,0
Florin Andone,29,1993/04/11,Romania,Forward,Brighton & Hove Albion,874,0,0,3,0,0,5,0
Floyd Ayité,33,1988/12/15,Togo,Midfielder,Fulham,465,0,0,1,0,0,0,0
Fousseni Diabaté,27,1995/10/18,Mali,Midfielder,Leicester City,55,0,0,0,0,0,0,0
Francisco Femenía Far,31,1991/02/02,Spain,Midfielder,Watford,2045,1,0,1,0,0,1,0
Fraser Forster,34,1988/03/17,England,Goalkeeper,Southampton,90,0,0,0,0,0,0,0
Freddie Woodman,25,1997/03/04,England,Goalkeeper,Newcastle United,0,0,0,0,0,0,0,0
Frederico Rodrigues Santos,29,1993/03/05,Brazil,Midfielder,Manchester United,1045,1,0,1,0,0,2,0
Gabriel Jesus,25,1997/04/03,Brazil,Forward,Manchester City,1019,3,0,7,1,0,1,0
Gaëtan Bong Songo,34,1988/04/25,Cameroon,Defender,Brighton & Hove Albion,1805,0,0,0,0,0,0,0
Gary Cahill,36,1985/12/19,England,Defender,Chelsea,22,0,0,0,0,0,0,0
Gary Madine,32,1990/08/24,England,Forward,Cardiff City,32,0,0,0,0,0,0,0
George Marsh,23,1998/11/05,England,Midfielder,Tottenham Hotspur,0,0,0,0,0,0,0,0
Georges Kevin N'Koudou Mbida,27,1995/02/13,France,Forward,Tottenham Hotspur,4,1,0,0,0,0,0,0
Georginio Wijnaldum,31,1990/11/11,Netherlands,Midfielder,Liverpool,2735,0,0,3,0,0,3,0
Gerard Deulofeu,28,1994/03/13,Spain,Forward,Watford,2082,5,0,10,0,0,3,0
Glenn Murray,39,1983/09/25,England,Forward,Brighton & Hove Albion,2513,1,0,13,4,0,5,0
Gonzalo Higuain,34,1987/12/10,Argentina,Forward,Chelsea,1092,0,0,5,0,0,0,0
Grady Diangana,24,1998/04/19,England,Midfielder,West Ham United,604,1,0,0,0,0,0,0
Granit Xhaka,30,1992/09/27,Switzerland,Midfielder,Arsenal,2502,2,0,4,0,0,10,0
Greg Cunningham,31,1991/01/31,Republic of Ireland,Defender,Cardiff City,630,0,0,0,0,0,3,0
Gylfi Sigurdsson,33,1989/09/08,Iceland,Midfielder,Everton,3134,6,0,13,2,3,3,0
Hamza Choudhury,25,1997/10/01,England,Midfielder,Leicester City,596,0,0,0,0,0,0,0
Harry Arter,32,1989/12/28,Republic of Ireland,Midfielder,Cardiff City,2008,1,0,0,0,0,10,0
Harry Kane,29,1993/07/28,England,Forward,Tottenham Hotspur,2427,4,0,17,4,0,5,0
Harry Maguire,29,1993/03/05,England,Defender,Leicester City,2599,0,0,3,0,0,7,1
Harry Winks,26,1996/02/02,England,Midfielder,Tottenham Hotspur,1591,0,0,1,0,0,4,0
Harvey Lewis Barnes,24,1997/12/09,England,Midfielder,Leicester City,1007,2,0,1,0,0,0,0
Håvard Nordtveit,32,1990/06/21,Norway,Midfielder,Fulham,361,1,0,0,0,0,0,0
Hector Bellerin,27,1995/03/19,Spain,Defender,Arsenal,1535,5,0,0,0,0,3,0
Hélder Wander Sousa Azevedo Costa,28,1994/01/12,Portugal,Midfielder,Wolverhampton Wanderers,1345,2,0,1,0,0,3,0
Henrikh Mkhitaryan,33,1989/01/21,Armenia,Midfielder,Arsenal,1643,4,0,6,0,0,1,0
Heung Min Son,30,1992/07/08,South Korea,Forward,Tottenham Hotspur,2048,6,0,12,0,0,3,1
Heurelho da Silva Gomes,41,1981/02/15,Brazil,Goalkeeper,Watford,0,0,0,0,0,0,0,0
Hugo Lloris,35,1986/12/26,France,Goalkeeper,Tottenham Hotspur,2970,0,0,0,0,0,0,0
Ibrahima Cissé,28,1994/02/28,Belgium,Midfielder,Fulham,87,0,0,0,0,0,0,0
Idrissa Gana Gueye,33,1989/09/26,Senegal,Midfielder,Everton,2825,2,0,0,0,0,6,0
İlkay Gündoğan,32,1990/10/24,Germany,Midfielder,Manchester City,2135,3,0,6,0,0,3,0
Isaac Ajayi Success,26,1996/01/07,Nigeria,Forward,Watford,1037,1,0,1,0,0,4,0
Isaac Hayden,27,1995/03/22,England,Midfielder,Newcastle United,1886,4,0,1,0,0,4,1
Isaac Mbenza,26,1996/03/08,Belgium,Forward,Huddersfield Town,981,1,0,1,0,0,1,0
Issa Diop,25,1997/01/09,France,Defender,West Ham United,2970,0,0,1,0,0,4,0
Ivan Ricardo Neves Abreu Cavaleiro,29,1993/10/18,Portugal,Forward,Wolverhampton Wanderers,683,1,0,3,0,0,1,0
Jack Cork,33,1989/06/25,England,Midfielder,Burnley,3313,2,0,1,0,0,6,0
Jack Simpson,25,1996/12/18,England,Defender,AFC Bournemouth,403,0,0,0,0,0,0,0
Jack Stephens,28,1994/01/27,England,Defender,Southampton,1697,0,0,1,0,0,4,0
Jack Wilshere,30,1992/01/01,England,Midfielder,West Ham United,389,1,0,0,0,0,2,0
Jacob Murphy,27,1995/02/24,England,Midfielder,Newcastle United,300,1,0,0,0,0,0,0
Jaïro Riedewald,26,1996/09/09,Netherlands,Defender,Crystal Palace,0,0,0,0,0,0,0,0
Jamal Lascelles,28,1993/11/11,England,Defender,Newcastle United,2748,1,0,0,0,0,4,0
James Garner,21,2001/03/13,England,Defender,Manchester United,0,0,0,0,0,0,0,0
James Maddison,25,1996/11/23,England,Midfielder,Leicester City,2850,7,0,7,1,1,5,1
James McArthur,35,1987/10/07,Scotland,Midfielder,Crystal Palace,3071,6,0,3,0,0,7,0
James McCarthy,31,1990/11/12,Republic of Ireland,Midfielder,Everton,14,0,0,0,0,0,0,0
James Milner,36,1986/01/04,England,Midfielder,Liverpool,1785,4,0,5,3,0,7,1
James Tarkowski,29,1992/11/19,England,Defender,Burnley,3087,1,0,3,0,0,8,0
James Tomkins,33,1989/03/29,England,Defender,Crystal Palace,2563,1,0,1,0,0,6,0
James Ward Prowse,27,1994/11/01,England,Midfielder,Southampton,1942,0,0,7,1,0,4,0
Jamie Sterry,26,1995/11/21,England,Defender,Newcastle United,0,0,0,0,0,0,0,0
Jamie Vardy,35,1987/01/11,England,Forward,Leicester City,2735,4,0,18,4,1,4,1
Jan Bednarek,26,1996/04/12,Poland,Defender,Southampton,2151,1,0,0,0,0,7,0
Jan Vertonghen,35,1987/04/24,Belgium,Defender,Tottenham Hotspur,1915,0,0,1,0,0,5,1
Jannik Vestergaard,30,1992/08/03,Denmark,Defender,Southampton,2030,0,0,0,0,0,2,0
Jason Puncheon,36,1986/06/26,England,Midfielder,Huddersfield Town,391,0,0,0,0,0,1,0
Jason Steele,32,1990/08/18,England,Goalkeeper,Brighton & Hove Albion,0,0,0,0,0,0,0,0
Javier Hernandez,34,1988/06/01,Mexico,Forward,West Ham United,1335,1,0,7,0,0,2,0
Javier Manquillo Gaitán,28,1994/05/05,Spain,Defender,Newcastle United,1097,3,0,0,0,0,2,0
Jayson Molumby,23,1999/08/06,Republic of Ireland,Midfielder,Brighton & Hove Albion,0,0,0,0,0,0,0,0
Jazz Richards,31,1991/04/12,Wales,Defender,Cardiff City,128,0,0,0,0,0,0,0
Jean Michau00ebl Seri,31,1991/07/19,Ivory Coast,Midfielder,Fulham,2252,2,0,1,0,0,6,0
Jeff Hendrick,30,1992/01/31,Republic of Ireland,Midfielder,Burnley,2069,0,0,3,0,0,4,0
Jefferson Lerma,28,1994/10/25,Colombia,Midfielder,AFC Bournemouth,2511,0,0,2,0,0,12,0
Jeffrey Schlupp,29,1992/12/23,Ghana,Defender,Crystal Palace,1665,1,0,4,0,0,1,0
Jermain Defoe,40,1982/10/07,England,Forward,AFC Bournemouth,21,0,0,0,0,0,0,0
Jesse Lingard,29,1992/12/15,England,Midfielder,Manchester United,1668,2,0,4,1,0,3,0
João Moutinho,36,1986/09/08,Portugal,Midfielder,Wolverhampton Wanderers,3040,8,0,1,0,0,4,0
Joe Bennett,32,1990/03/28,England,Defender,Cardiff City,2641,1,0,0,0,0,5,0
Joe Bryan,29,1993/09/17,England,Defender,Fulham,2350,1,0,0,0,0,5,0
Joe Daniel Tupper,24,1997/11/15,England,Goalkeeper,Crystal Palace,0,0,0,0,0,0,0,0
Joe Gomez,25,1997/05/23,England,Defender,Liverpool,1060,0,0,0,0,0,2,0
Joe Hart,35,1987/04/19,England,Goalkeeper,Burnley,1710,0,0,0,0,0,0,0
Joe Powell,24,1998/10/30,England,Forward,West Ham United,0,0,0,0,0,0,0,0
Joe Ralls,29,1993/10/13,England,Midfielder,Cardiff City,1959,0,0,0,0,1,5,1
Joel Coleman,27,1995/09/26,England,Goalkeeper,Huddersfield Town,90,0,0,0,0,0,0,0
Joel Matip,31,1991/08/08,Cameroon,Defender,Liverpool,1532,0,0,1,0,0,3,0
Joel Ward,32,1989/10/29,England,Defender,Crystal Palace,551,0,0,1,0,0,1,0
Johann Berg Guðmunds­son,32,1990/10/27,Iceland,Midfielder,Burnley,1748,6,0,3,0,0,2,0
John Ruddy,36,1986/10/24,England,Goalkeeper,Wolverhampton Wanderers,90,0,0,0,0,0,0,0
John Stones,28,1994/05/28,England,Defender,Manchester City,1762,0,0,0,0,0,1,0
Jon Gorenc Stankovič,26,1996/01/14,Slovenia,Defender,Huddersfield Town,718,0,0,1,0,0,2,0
Jonas Lössl,33,1989/02/01,Denmark,Goalkeeper,Huddersfield Town,2777,1,0,0,0,0,1,0
Jonathan Hogg,33,1988/12/06,England,Midfielder,Huddersfield Town,2377,1,0,0,0,0,9,1
Jonathan Walters,39,1983/09/20,Republic of Ireland,Forward,Burnley,0,0,0,0,0,0,0,0
Jonjo Shelvey,30,1992/02/27,England,Midfielder,Newcastle United,944,1,0,1,0,0,1,0
Jonjoe Kenny,25,1997/03/15,England,Defender,Everton,790,1,0,0,0,0,1,0
Jonny,28,1994/03/03,Spain,Defender,Wolverhampton Wanderers,2780,1,0,1,0,0,6,0
Jonny Evans,34,1988/01/03,Northern Ireland,Defender,Leicester City,1995,0,0,1,0,0,2,0
Jordan Ayew,31,1991/09/11,Ghana,Forward,Crystal Palace,1186,2,0,1,0,0,3,0
Jordan Henderson,32,1990/06/17,England,Midfielder,Liverpool,1983,3,0,1,0,0,3,1
Jordan Pickford,28,1994/03/07,England,Goalkeeper,Everton,3420,0,0,0,0,0,1,0
Jordon Ibe,26,1995/12/08,England,Midfielder,AFC Bournemouth,795,1,0,1,0,0,1,0
Jorginho,30,1991/12/20,Italy,Midfielder,Chelsea,3165,0,0,2,1,0,8,0
José Diogo Dalot Teixeira,23,1999/03/18,Portugal,Defender,Manchester United,1015,2,0,0,0,0,3,0
José Holebas,38,1984/06/27,Greece,Defender,Watford,2394,6,0,3,0,0,13,1
Jose Izquierdo,30,1992/07/07,Colombia,Forward,Brighton & Hove Albion,794,1,0,0,0,0,1,0
José Luis Sanmartín Mato,32,1990/03/27,Spain,Forward,Newcastle United,586,0,0,2,0,0,1,0
Joseph Willock,23,1999/08/20,England,Midfielder,Arsenal,64,0,0,0,0,0,0,0
Josh Benson,22,1999/12/05,England,Midfielder,Burnley,0,0,0,0,0,0,0,0
Josh Knight,25,1997/09/07,England,Defender,Leicester City,0,0,0,0,0,0,0,0
Josh Murphy,27,1995/02/24,England,Forward,Cardiff City,1825,2,0,3,0,0,2,0
Joshua King,30,1992/01/15,Norway,Forward,AFC Bournemouth,2974,3,0,12,5,1,3,0
Joshua Sims,25,1997/03/28,England,Midfielder,Southampton,209,1,0,0,0,0,0,0
Juan Marcos Foyth,24,1998/01/12,Argentina,Defender,Tottenham Hotspur,930,0,0,1,0,0,4,1
Juan Mata,34,1988/04/28,Spain,Midfielder,Manchester United,1294,2,0,3,0,0,3,0
Julián Speroni,43,1979/05/18,Argentina,Goalkeeper,Crystal Palace,90,0,0,0,0,0,0,0
Juninho Bacuna,25,1997/08/07,Netherlands,Midfielder,Huddersfield Town,1414,0,0,1,0,0,4,0
Junior Stanislas,32,1989/11/26,England,Midfielder,AFC Bournemouth,1027,3,0,2,1,0,1,0
Jürgen Locadia,28,1993/11/07,Netherlands,Forward,Brighton & Hove Albion,1227,0,0,2,0,0,1,0
Kadeem Harris,29,1993/06/08,England,Midfielder,Cardiff City,366,0,0,1,0,0,1,0
Karl Darlow,32,1990/10/08,England,Goalkeeper,Newcastle United,0,0,0,0,0,0,0,0
Karlan Ahearne Grant,24,1997/12/19,England,Forward,Huddersfield Town,874,0,0,4,0,0,0,0
Kasper Schmeichel,35,1986/11/05,Denmark,Goalkeeper,Leicester City,3420,0,0,0,0,0,3,0
Kayne Ramsey,22,2000/10/10,England,Midfielder,Southampton,90,0,0,0,0,0,0,0
Kazaiah Sterling,23,1998/11/09,England,Forward,Tottenham Hotspur,0,0,0,0,0,0,0,0
Kelechi Iheanacho,26,1996/10/03,Nigeria,Forward,Leicester City,926,3,0,1,0,0,2,0
Kelland Watts,23,1999/11/03,England,Midfielder,Newcastle United,0,0,0,0,0,0,0,0
Ken Sema,29,1993/09/30,Sweden,Midfielder,Watford,755,2,0,1,0,0,1,0
Kenneth Dahrup Zohorè,28,1994/01/31,Denmark,Forward,Cardiff City,746,1,0,1,0,0,1,0
Kepa Arrizabalaga,28,1994/10/03,Spain,Goalkeeper,Chelsea,3240,0,0,0,0,0,2,0
Kevin De Bruyne,31,1991/06/28,Belgium,Midfielder,Manchester City,974,2,0,2,0,0,2,0
Kevin Long,32,1990/08/18,Republic of Ireland,Defender,Burnley,513,1,0,0,0,0,0,0
Kevin McDonald,33,1988/11/04,Scotland,Midfielder,Fulham,842,0,0,0,0,0,6,1
Kieran Dowell,25,1997/10/10,England,Midfielder,Everton,0,0,0,0,0,0,0,0
Kieran Trippier,32,1990/09/19,England,Defender,Tottenham Hotspur,2278,3,0,1,0,0,2,0
Konstantinos Mavropanos,24,1997/12/11,Greece,Defender,Arsenal,150,0,0,0,0,0,1,0
Kortney Hause,27,1995/07/16,England,Defender,Wolverhampton Wanderers,0,0,0,0,0,0,0,0
Kurt Zouma,28,1994/10/27,France,Defender,Everton,2610,2,0,2,0,0,5,1
Kyle Taylor,23,1999/08/28,England,Midfielder,AFC Bournemouth,0,0,0,0,0,0,0,0
Kyle Walker,32,1990/05/28,England,Defender,Manchester City,2777,1,0,1,0,0,3,0
Kyle Walker Peters,25,1997/04/13,England,Defender,Tottenham Hotspur,374,3,0,0,0,0,1,0
Laurent Depoitre,33,1988/12/07,Belgium,Forward,Huddersfield Town,1059,1,0,0,0,0,1,0
Laurent Koscielny,37,1985/09/10,France,Defender,Arsenal,1328,0,0,3,0,0,1,0
Lazar Marković,28,1994/03/02,Serbia,Midfielder,Fulham,44,0,0,0,0,0,0,0
Leander Dendoncker,27,1995/04/15,Belgium,Midfielder,Wolverhampton Wanderers,1469,0,0,2,0,0,1,0
Leandro Bacuna,31,1991/08/21,Curaçao,Midfielder,Cardiff City,554,0,0,0,0,0,2,0
Lee Grant,39,1983/01/27,England,Goalkeeper,Manchester United,0,0,0,0,0,0,0,0
Lee Peltier,35,1986/12/11,England,Defender,Cardiff City,1542,0,0,0,0,0,4,0
Leighton Baines,37,1984/12/11,England,Defender,Everton,376,0,0,0,0,0,0,0
Leon Balogun,34,1988/06/28,Nigeria,Defender,Brighton & Hove Albion,591,0,0,1,0,0,2,0
Leonardo Bonatini Lohner Maia,28,1994/03/28,Brazil,Forward,Wolverhampton Wanderers,128,1,0,0,0,0,0,0
Leroy Sané,26,1996/01/11,Germany,Midfielder,Manchester City,1867,10,0,10,0,0,1,0
Lewis Cass,22,2000/02/27,England,Defender,Newcastle United,0,0,0,0,0,0,0,0
Lewis Cook,25,1997/02/03,England,Midfielder,AFC Bournemouth,721,0,0,0,0,0,2,0
Lewis Dunk,30,1991/11/21,England,Defender,Brighton & Hove Albion,3153,1,0,2,0,0,7,1
Loïc Damour,31,1991/01/08,France,Midfielder,Cardiff City,21,0,0,0,0,0,0,0
Loris Karius,29,1993/06/22,Germany,Goalkeeper,Liverpool,0,0,0,0,0,0,0,0
Luca de la Torre,24,1998/05/23,USA,Midfielder,Fulham,0,0,0,0,0,0,0,0
Lucas Digne,29,1993/07/20,France,Defender,Everton,2990,4,0,4,0,0,6,1
Lucas Perez,34,1988/09/10,Spain,Forward,West Ham United,468,0,0,3,0,0,0,0
Lucas Rodrigues Moura da Silva,30,1992/08/13,Brazil,Midfielder,Tottenham Hotspur,2127,0,0,10,0,0,3,0
Lucas Torreira,26,1996/02/11,Uruguay,Midfielder,Arsenal,2377,2,0,2,0,0,8,1
Luciano Vietto,28,1993/12/05,Argentina,Forward,Fulham,983,4,0,1,0,0,1,0
Luka Milivojević,31,1991/04/07,Serbia,Midfielder,Crystal Palace,3420,2,0,12,10,1,10,0
Luke Amos,25,1997/02/23,England,Midfielder,Tottenham Hotspur,2,0,0,0,0,0,0,0
Luke Dreher,23,1998/11/27,England,Midfielder,Crystal Palace,0,0,0,0,0,0,0,0
Luke Shaw,27,1995/07/12,England,Defender,Manchester United,2592,4,0,1,0,0,11,0
Lys Mousset,26,1996/02/08,France,Forward,AFC Bournemouth,345,0,0,1,0,0,1,0
Maarten Stekelenburg,40,1982/09/22,Netherlands,Goalkeeper,Everton,0,0,0,0,0,0,0,0
Mamadou Sakho,32,1990/02/13,France,Defender,Crystal Palace,2417,0,0,0,0,0,2,0
Manolo Gabbiadini,30,1991/11/26,Italy,Forward,Southampton,470,0,0,1,0,0,0,0
Manuel Lanzini,29,1993/02/15,Argentina,Midfielder,West Ham United,688,1,0,1,0,0,2,0
Marc Albrighton,32,1989/11/18,England,Midfielder,Leicester City,1626,2,0,2,0,0,3,0
Marc Guehi,22,2000/07/13,England,Defender,Chelsea,0,0,0,0,0,0,0,0
Marc Navarro Ceciliano,27,1995/07/02,Spain,Defender,Watford,84,0,0,0,0,0,0,0
Marc Pugh,35,1987/04/02,England,Midfielder,AFC Bournemouth,0,0,0,0,0,0,0,0
Marcos Alonso,31,1990/12/28,Spain,Defender,Chelsea,2761,4,0,2,0,0,6,0
Marcus Bettinelli,30,1992/05/24,England,Goalkeeper,Fulham,630,0,0,0,0,0,1,0
Marcus Rashford,25,1997/10/31,England,Forward,Manchester United,2362,6,0,10,0,0,4,1
Mario Lemina,29,1993/09/01,Gabon,Midfielder,Southampton,1615,1,0,1,0,0,5,0
Mark Noble,35,1987/05/08,England,Midfielder,West Ham United,2308,5,0,5,4,0,7,1
Mark Travers,23,1999/05/18,Republic of Ireland,Goalkeeper,AFC Bournemouth,180,0,0,0,0,0,0,0
Marko Arnautović,33,1989/04/19,Austria,Forward,West Ham United,2000,4,0,10,1,0,3,0
Markus Suttner,35,1987/04/16,Austria,Defender,Brighton & Hove Albion,0,0,0,0,0,0,0,0
Marouane Fellaini,34,1987/11/22,Belgium,Midfielder,Manchester United,744,1,0,0,0,0,1,0
Martin Dúbravka,33,1989/01/15,Slovakia,Goalkeeper,Newcastle United,3420,0,0,0,0,0,1,0
Martin Kelly,32,1990/04/27,England,Defender,Crystal Palace,1110,0,0,0,0,0,2,0
Martín Montoya,31,1991/04/14,Spain,Defender,Brighton & Hove Albion,2166,1,0,0,0,0,4,0
Mason Greenwood,21,2001/10/01,England,Midfielder,Manchester United,115,0,0,0,0,0,0,0
Mason Holgate,26,1996/10/22,England,Defender,Everton,407,0,0,0,0,0,1,0
Matěj Vydra,30,1992/05/01,Czech Republic,Forward,Burnley,311,1,0,1,0,0,1,0
Mateo Kovačić,28,1994/05/06,Croatia,Midfielder,Chelsea,1743,2,0,0,0,0,3,0
Mathew Ryan,30,1992/04/08,Australia,Goalkeeper,Brighton & Hove Albion,3060,0,0,0,0,0,2,0
Mathias Jattah Njie Jørgensen,32,1990/04/23,Denmark,Defender,Huddersfield Town,2148,1,0,3,0,0,6,0
Matt Butcher,25,1997/05/14,England,Midfielder,AFC Bournemouth,0,0,0,0,0,0,0,0
Matt Doherty,30,1992/01/16,Republic of Ireland,Defender,Wolverhampton Wanderers,3147,5,0,4,0,0,5,0
Matt Ritchie,33,1989/09/10,Scotland,Midfielder,Newcastle United,2940,8,0,2,1,1,9,0
Matt Targett,27,1995/09/18,England,Defender,Southampton,1185,3,0,1,0,0,2,0
Matteo Darmian,32,1989/12/02,Italy,Defender,Manchester United,443,0,0,0,0,0,0,0
Mattéo Guendouzi Olié,23,1999/04/14,France,Midfielder,Arsenal,2143,0,0,0,0,0,9,0
Matthew Connolly,35,1987/09/24,England,Defender,Cardiff City,0,0,0,0,0,0,0,0
Matthew Lowton,33,1989/06/09,England,Defender,Burnley,1748,0,0,0,0,0,7,0
Matty Daly,21,2001/03/10,England,Midfielder,Huddersfield Town,73,0,0,0,0,0,0,0
Max Harrison Sanders,23,1999/01/04,England,Midfielder,Brighton & Hove Albion,0,0,0,0,0,0,0,0
Max Kilman,25,1997/05/23,England,Defender,Wolverhampton Wanderers,0,0,0,0,0,0,0,0
Max Meyer,27,1995/09/18,Germany,Midfielder,Crystal Palace,1414,2,0,1,0,0,3,0
Maxime Le Marchand,33,1989/10/11,France,Defender,Fulham,2251,1,0,0,0,0,5,0
Maya Yoshida,34,1988/08/24,Japan,Defender,Southampton,1520,1,0,0,0,0,0,0
Mesut Özil,34,1988/10/15,Germany,Midfielder,Arsenal,1741,2,0,5,0,0,2,0
Michael Keane,29,1993/01/11,England,Defender,Everton,2970,2,0,1,0,0,2,0
Michael Obafemi,22,2000/07/06,Republic of Ireland,Forward,Southampton,134,1,0,1,0,0,1,0
Michail Antonio,32,1990/03/28,England,Midfielder,West Ham United,2099,4,0,6,0,0,3,0
Michel Vorm,39,1983/10/20,Netherlands,Goalkeeper,Tottenham Hotspur,180,0,0,0,0,0,0,0
Michy Batshuayi,29,1993/10/02,Belgium,Forward,Crystal Palace,756,0,0,5,0,0,0,0
Miguel Ángel Almirón Rejala,28,1994/02/10,Paraguay,Midfielder,Newcastle United,763,0,0,0,0,0,0,0
Miguel Ángel Britos Cabrera,37,1985/07/17,Uruguay,Defender,Watford,185,0,0,0,0,0,0,0
Mohamed Diamé,35,1987/06/14,Senegal,Midfielder,Newcastle United,2165,0,0,0,0,0,3,0
Mohamed Elneny,30,1992/07/11,Egypt,Midfielder,Arsenal,381,0,0,0,0,0,0,0
Mohamed Elyounoussi,28,1994/08/04,Norway,Midfielder,Southampton,790,0,0,0,0,0,0,0
Mohamed Salah,30,1992/06/15,Egypt,Forward,Liverpool,3262,8,0,22,3,0,1,0
Morgan Gibbs White,22,2000/01/27,England,Midfielder,Wolverhampton Wanderers,647,1,0,0,0,0,1,0
Morgan Schneiderlin,32,1989/11/08,France,Midfielder,Everton,833,1,0,0,0,0,2,0
Moussa Dembele,35,1987/07/16,Belgium,Midfielder,Tottenham Hotspur,516,0,0,0,0,0,1,0
Moussa Sissoko,33,1989/08/16,France,Midfielder,Tottenham Hotspur,2336,3,0,0,0,0,2,0
N'Golo Kanté,31,1991/03/29,France,Midfielder,Chelsea,3096,4,0,4,0,0,3,0
Naby Deco Keïta,27,1995/02/10,Guinea,Midfielder,Liverpool,1392,1,0,2,0,0,0,0
Nacho Monreal,36,1986/02/26,Spain,Defender,Arsenal,1861,3,0,1,0,0,5,0
Nampalys Mendy,30,1992/06/23,France,Midfielder,Leicester City,2088,0,0,0,0,0,5,0
Nathan Aké,27,1995/02/18,Netherlands,Defender,AFC Bournemouth,3412,0,0,4,0,0,3,0
Nathan Holland,24,1998/06/19,England,Midfielder,West Ham United,0,0,0,0,0,0,0,0
Nathan Redmond,28,1994/03/06,England,Midfielder,Southampton,3276,4,0,6,0,0,3,0
Nathaniel Chalobah,27,1994/12/12,England,Midfielder,Watford,266,0,0,0,0,0,2,0
Nathaniel Clyne,31,1991/04/05,England,Defender,AFC Bournemouth,1254,1,0,0,0,0,2,0
Nathaniel Mendez Laing,30,1992/04/15,England,Midfielder,Cardiff City,984,1,0,4,1,0,0,0
Neeskens Kebano,30,1992/03/10,Congo DR,Midfielder,Fulham,103,0,0,0,0,0,0,0
Neil Leonard Dula Etheridge,32,1990/02/07,Philippines,Goalkeeper,Cardiff City,3420,0,0,0,0,0,2,0
Nemanja Matić,34,1988/08/01,Serbia,Midfielder,Manchester United,2441,0,0,1,0,0,8,1
Nicolas Otamendi,34,1988/02/12,Argentina,Defender,Manchester City,1233,0,0,0,0,0,1,0
Nikola Tavares,23,1999/01/17,England,Defender,Crystal Palace,0,0,0,0,0,0,0,0
Nnamdi Ofoborh,22,1999/11/07,England,Midfielder,AFC Bournemouth,0,0,0,0,0,0,0,0
Oleksandr Zinchenko,25,1996/12/15,Ukraine,Midfielder,Manchester City,1153,3,0,0,0,0,1,0
Oliver Skipp,22,2000/09/16,England,Midfielder,Tottenham Hotspur,216,0,0,0,0,0,0,0
Olivier Giroud,36,1986/09/30,France,Forward,Chelsea,832,4,0,2,0,0,1,0
Onyinye Wilfred Ndidi,25,1996/12/16,Nigeria,Midfielder,Leicester City,3299,0,0,2,0,0,8,0
Oriol Romeu,31,1991/09/24,Spain,Midfielder,Southampton,2140,0,0,1,0,0,11,0
Oumar Niasse,32,1990/04/18,Senegal,Forward,Cardiff City,998,0,0,0,0,0,0,0
Pablo Zabaleta,37,1985/01/16,Argentina,Defender,West Ham United,2092,1,0,0,0,0,4,0
Pape N'Diaye Souaré,32,1990/06/06,Senegal,Defender,Crystal Palace,0,0,0,0,0,0,0,0
Pascal Groß,31,1991/06/15,Germany,Midfielder,Brighton & Hove Albion,1878,3,0,3,1,1,1,0
Patrick van Aanholt,32,1990/08/29,Netherlands,Defender,Crystal Palace,3198,2,0,3,0,0,3,0
Paul Dummett,31,1991/09/26,Wales,Defender,Newcastle United,1986,0,0,0,0,0,1,0
Paul Pogba,29,1993/03/15,France,Midfielder,Manchester United,3011,9,0,13,7,3,6,0
Paulo Dino Gazzaniga,30,1992/01/02,Argentina,Goalkeeper,Tottenham Hotspur,270,0,0,0,0,0,0,0
Pedro Obiang,30,1992/03/27,Equatorial Guinea,Midfielder,West Ham United,1121,1,0,0,0,0,0,0
Pedro Rodriguez,35,1987/07/28,Spain,Midfielder,Chelsea,1780,2,0,8,0,0,2,0
Peter Crouch,41,1981/01/30,England,Forward,Burnley,86,0,0,0,0,0,1,0
Petr Čech,40,1982/05/20,Czech Republic,Goalkeeper,Arsenal,585,0,0,0,0,0,0,0
Phil Bardsley,37,1985/06/28,Scotland,Defender,Burnley,1672,0,0,0,0,0,9,0
Phil Jagielka,40,1982/08/17,England,Defender,Everton,329,0,0,1,0,0,1,1
Phil Jones,30,1992/02/21,England,Defender,Manchester United,1263,1,0,0,0,0,1,0
Philip Billing,26,1996/06/11,Denmark,Midfielder,Huddersfield Town,2192,0,0,2,0,0,7,0
Philip Foden,22,2000/05/28,England,Midfielder,Manchester City,327,0,0,1,0,0,0,0
Philippe Sandler,25,1997/02/10,Netherlands,Defender,Manchester City,0,0,0,0,0,0,0,0
Pierre Emerick Aubameyang,33,1989/06/18,Gabon,Forward,Arsenal,2731,5,0,22,4,1,0,0
Pierre Emile Højbjerg,27,1995/08/05,Denmark,Midfielder,Southampton,2764,3,0,4,0,0,10,2
Rachid Ghezzal,30,1992/05/09,Algeria,Forward,Leicester City,738,0,0,1,0,0,3,0
Rafael Euclides Soares Camacho,22,2000/05/22,Portugal,Midfielder,Liverpool,0,0,0,0,0,0,0,0
Raheem Sterling,27,1994/12/08,England,Forward,Manchester City,2777,10,0,17,0,0,3,0
Rajiv van La Parra,31,1991/06/04,Netherlands,Midfielder,Huddersfield Town,407,0,0,0,0,0,0,0
Ramadan Sobhi,25,1997/01/23,Egypt,Forward,Huddersfield Town,75,0,0,0,0,0,0,0
Raúl Alonso Jiménez Rodríguez,31,1991/05/05,Mexico,Forward,Wolverhampton Wanderers,3124,7,0,13,2,0,4,0
Rhys Healey,27,1994/12/06,England,Forward,Cardiff City,49,0,0,0,0,0,0,0
Ricardo Domingos Barbosa Pereira,29,1993/10/06,Portugal,Defender,Leicester City,3125,6,0,2,0,0,7,0
Richarlison de Andrade,25,1997/05/10,Brazil,Forward,Everton,2679,1,0,13,0,0,6,1
Riyad Mahrez,31,1991/02/21,Algeria,Midfielder,Manchester City,1339,4,0,7,0,1,0,0
Rob Holding,27,1995/09/20,England,Defender,Arsenal,807,0,0,0,0,0,1,0
Robbie Brady,30,1992/01/14,Republic of Ireland,Midfielder,Burnley,715,1,0,0,0,0,4,1
Robert Kenedy Nunes do Nascimento,26,1996/02/08,Brazil,Midfielder,Newcastle United,1344,1,0,1,0,1,1,0
Robert Snodgrass,35,1987/09/07,Scotland,Midfielder,West Ham United,2222,5,0,2,0,0,10,0
Roberto Firmino,31,1991/10/02,Brazil,Forward,Liverpool,2620,6,0,12,1,0,0,0
Roberto Maximiliano Pereyra,31,1991/01/07,Argentina,Forward,Watford,2825,1,0,6,0,0,3,0
Romain Saïss,32,1990/03/26,Morocco,Midfielder,Wolverhampton Wanderers,1144,0,0,2,0,0,7,0
Romelu Lukaku,29,1993/05/13,Belgium,Forward,Manchester United,2130,0,0,12,0,0,4,0
Rondon,33,1989/09/16,Venezuela,Forward,Newcastle United,2609,7,0,11,0,0,1,0
Ross Barkley,28,1993/12/05,England,Midfielder,Chelsea,1241,5,0,3,0,0,1,0
Rúben Diogo Da Silva Neves,25,1997/03/13,Portugal,Midfielder,Wolverhampton Wanderers,3009,3,0,4,2,0,8,0
Rúben Gonçalo Silva Nascimento Vinagre,23,1999/04/09,Portugal,Defender,Wolverhampton Wanderers,703,0,0,0,0,0,1,0
Ruben Loftus Cheek,26,1996/01/23,England,Midfielder,Chelsea,983,2,0,6,0,0,0,0
Rui Pedro dos Santos Patrício,34,1988/02/15,Portugal,Goalkeeper,Wolverhampton Wanderers,3330,0,0,0,0,0,0,0
Ryan Bennett,32,1990/03/06,England,Defender,Wolverhampton Wanderers,3060,0,0,1,0,0,12,0
Ryan Bertrand,33,1989/08/05,England,Defender,Southampton,2160,0,0,1,0,0,8,0
Ryan Fraser,28,1994/02/24,Scotland,Midfielder,AFC Bournemouth,3173,14,0,7,0,0,2,0
Ryan Fredericks,30,1992/10/10,England,Midfielder,West Ham United,1085,0,0,1,0,0,5,0
Ryan Giles,22,2000/01/26,England,Midfielder,Wolverhampton Wanderers,0,0,0,0,0,0,0,0
Ryan Guno Babel,35,1986/12/19,Netherlands,Forward,Fulham,1260,3,0,5,0,0,3,0
Ryan Schofield,22,1999/12/11,England,Goalkeeper,Huddersfield Town,0,0,0,0,0,0,0,0
Ryan Sessegnon,22,2000/05/18,England,Defender,Fulham,2298,6,0,2,0,0,0,0
Sadio Mané,30,1992/04/10,Senegal,Forward,Liverpool,3086,1,0,22,0,0,2,0
Sam Gallagher,27,1995/09/15,England,Forward,Southampton,30,0,0,0,0,0,0,0
Sam Surridge,24,1998/07/28,England,Forward,AFC Bournemouth,11,0,0,0,0,0,0,0
Sam Vokes,33,1989/10/21,Wales,Forward,Burnley,913,0,0,3,0,0,0,0
Sam Woods,24,1998/09/11,England,Defender,Crystal Palace,0,0,0,0,0,0,0,0
Samir Nasri,35,1987/06/26,France,Midfielder,West Ham United,246,2,0,0,0,0,0,0
Sandro Ramirez,27,1995/07/09,Spain,Forward,Everton,0,0,0,0,0,0,0,0
Scott Dann,35,1987/02/14,England,Defender,Crystal Palace,660,1,0,0,0,0,1,0
Scott McTominay,25,1996/12/08,England,Midfielder,Manchester United,861,0,0,2,0,0,1,0
Sead Kolašinac,29,1993/06/20,Bosnia and Herzegovina,Defender,Arsenal,1891,5,0,0,0,0,5,0
Séamus Coleman,34,1988/10/11,Republic of Ireland,Defender,Everton,2560,2,0,2,0,0,1,0
Sean Longstaff,25,1997/10/30,England,Midfielder,Newcastle United,688,0,0,1,0,0,2,0
Sean Morrison,31,1991/01/08,England,Defender,Cardiff City,3040,3,0,1,0,0,6,0
Sebastian Prödl,35,1987/06/21,Austria,Defender,Watford,13,0,0,0,0,0,0,0
Serge Aurier,29,1992/12/24,Ivory Coast,Defender,Tottenham Hotspur,564,2,0,0,0,0,1,0
Sergio Aguero,34,1988/06/02,Argentina,Forward,Manchester City,2480,8,0,21,2,0,3,0
Sergio Germán Romero,35,1987/02/22,Argentina,Goalkeeper,Manchester United,0,0,0,0,0,0,0,0
Sergio Rico,29,1993/09/01,Spain,Goalkeeper,Fulham,2610,0,0,0,0,0,1,0
Shane Duffy,30,1992/01/01,Republic of Ireland,Defender,Brighton & Hove Albion,3088,1,0,5,0,0,5,1
Shane Long,35,1987/01/22,Republic of Ireland,Forward,Southampton,1269,1,0,5,0,0,3,0
Shinji Okazaki,36,1986/04/16,Japan,Forward,Leicester City,269,1,0,0,0,0,0,0
Shkodran Mustafi,30,1992/04/17,Germany,Defender,Arsenal,2617,0,0,2,0,0,9,0
Simon Francis,37,1985/02/16,England,Defender,AFC Bournemouth,1226,2,0,0,0,0,1,0
Simon Mignolet,34,1988/03/06,Belgium,Goalkeeper,Liverpool,0,0,0,0,0,0,0,0
Sokratis Papastathopoulos,34,1988/06/09,Greece,Defender,Arsenal,2199,2,0,1,0,0,12,0
Solomon March,28,1994/07/20,England,Midfielder,Brighton & Hove Albion,2473,5,0,1,0,0,1,0
Souleymane Bamba,37,1985/01/13,Ivory Coast,Defender,Cardiff City,2475,1,0,4,0,0,7,0
Stefan Marius Johansen,31,1991/01/08,Norway,Midfielder,Fulham,412,0,0,0,0,0,4,0
Stefano Okaka,33,1989/08/09,Italy,Forward,Watford,22,0,0,0,0,0,1,0
Stephan Lichtsteiner,38,1984/01/16,Switzerland,Defender,Arsenal,940,0,0,0,0,0,3,0
Stephen Ward,37,1985/08/20,Republic of Ireland,Defender,Burnley,230,0,0,0,0,0,1,0
Steve Cook,31,1991/04/19,England,Defender,AFC Bournemouth,2787,1,0,1,0,0,3,0
Steve Mounié,28,1994/09/29,Benin,Forward,Huddersfield Town,1777,3,0,2,0,0,2,1
Steven Davis,37,1985/01/01,Northern Ireland,Midfielder,Southampton,96,1,0,0,0,0,0,0
Steven Defour,34,1988/04/15,Belgium,Midfielder,Burnley,452,0,0,0,0,0,0,0
Stuart Armstrong,30,1992/03/30,Scotland,Midfielder,Southampton,1432,2,0,3,0,0,2,0
Sullay Kaikai,27,1995/08/26,England,Midfielder,Crystal Palace,0,0,0,0,0,0,0,0
Sung Yeung Ki,33,1989/01/24,South Korea,Midfielder,Newcastle United,1302,1,0,0,0,0,2,0
Tahith Chong,22,1999/12/04,Netherlands,Forward,Manchester United,36,0,0,0,0,0,0,0
Terence Kongolo,28,1994/02/14,Netherlands,Defender,Huddersfield Town,2722,1,0,1,0,0,4,0
Theo Walcott,33,1989/03/16,England,Forward,Everton,2122,2,0,5,0,0,1,0
Tim Ream,35,1987/10/05,USA,Defender,Fulham,2051,0,0,0,0,0,1,0
Timothy Eyoma,22,2000/01/29,England,Defender,Tottenham Hotspur,0,0,0,0,0,0,0,0
Timothy Fosu Mensah,24,1998/01/02,Netherlands,Defender,Fulham,795,0,0,0,0,0,3,0
Toby Alderweireld,33,1989/03/02,Belgium,Defender,Tottenham Hotspur,2924,0,0,0,0,0,3,0
Tom Cairney,31,1991/01/20,Scotland,Midfielder,Fulham,2198,1,0,1,0,0,0,0
Tom Cleverley,33,1989/08/12,England,Midfielder,Watford,470,0,0,1,0,0,2,0
Tom Davies,24,1998/06/30,England,Midfielder,Everton,975,0,0,0,0,0,3,0
Tom Heaton,36,1986/04/15,England,Goalkeeper,Burnley,1710,0,0,0,0,0,3,0
Tom Smith,30,1992/04/14,England,Defender,Huddersfield Town,1141,0,0,0,0,0,3,1
Trent Alexander Arnold,24,1998/10/07,England,Defender,Liverpool,2467,12,0,1,0,0,3,0
Troy Deeney,34,1988/06/29,England,Forward,Watford,2548,5,0,9,1,0,5,1
Tyias Browning,28,1994/05/27,England,Defender,Everton,0,0,0,0,0,0,0,0
Tyreke Johnson,24,1998/11/03,England,Defender,Southampton,0,0,0,0,0,0,0,0
Tyrone Mings,29,1993/03/13,England,Defender,AFC Bournemouth,141,0,0,0,0,0,0,0
Vicente Guaita,35,1987/01/10,Spain,Goalkeeper,Crystal Palace,1755,0,0,0,0,0,2,0
Vicente Iborra De La Fuente,34,1988/01/16,Spain,Midfielder,Leicester City,226,0,0,0,0,0,0,0
Víctor Camarasa,28,1994/05/28,Spain,Midfielder,Cardiff City,2579,4,0,5,1,0,6,0
Victor Moses,31,1990/12/12,Nigeria,Midfielder,Chelsea,26,0,0,0,0,0,0,0
Victor Nilsson Lindelöf,28,1994/07/17,Sweden,Defender,Manchester United,2602,1,0,1,0,0,1,0
Victor Wanyama,31,1991/06/25,Kenya,Midfielder,Tottenham Hotspur,509,0,0,1,0,0,2,0
Viktor Gyökeres,24,1998/06/04,Sweden,Forward,Brighton & Hove Albion,0,0,0,0,0,0,0,0
Vincent Janssen,28,1994/06/15,Netherlands,Forward,Tottenham Hotspur,36,0,0,0,0,0,0,0
Vincent Kompany,36,1986/04/10,Belgium,Defender,Manchester City,1223,0,0,1,0,0,6,0
Virgil van Dijk,31,1991/07/08,Netherlands,Defender,Liverpool,3385,2,0,4,0,0,1,0
Wayne Hennessey,35,1987/01/24,Wales,Goalkeeper,Crystal Palace,1575,0,0,0,0,0,0,0
Wes Morgan,38,1984/01/21,Jamaica,Defender,Leicester City,1926,0,0,3,0,0,5,2
Wesley Hoedt,28,1994/03/06,Netherlands,Defender,Southampton,1170,0,0,0,0,0,2,0
Wilfredo Daniel Caballero,41,1981/09/28,Argentina,Goalkeeper,Chelsea,180,0,0,0,0,0,0,0
Wilfried Zaha,29,1992/11/10,Ivory Coast,Midfielder,Crystal Palace,3041,5,0,10,0,0,10,1
Will Hughes,27,1995/04/17,England,Midfielder,Watford,2436,4,0,2,0,0,5,0
Will Norris,29,1993/08/12,England,Goalkeeper,Wolverhampton Wanderers,0,0,0,0,0,0,0,0
Willian,34,1988/08/09,Brazil,Forward,Chelsea,2108,6,0,3,0,0,2,0
Willy Boly,31,1991/02/03,France,Defender,Wolverhampton Wanderers,3169,0,0,4,0,0,3,1
Xherdan Shaqiri,31,1991/10/10,Switzerland,Midfielder,Liverpool,1058,3,0,6,0,0,2,0
Yann Valery,23,1999/02/22,France,Defender,Southampton,1715,1,0,2,0,0,5,1
Yerry Fernando Mina González,28,1994/09/23,Colombia,Defender,Everton,890,0,0,1,0,0,3,0
Yoshinori Muto,30,1992/07/15,Japan,Forward,Newcastle United,516,0,0,1,0,0,1,0
Youri Tielemans,25,1997/05/07,Belgium,Midfielder,Leicester City,1092,4,0,3,0,0,2,0
Yves Bissouma,26,1996/08/30,Mali,Midfielder,Brighton & Hove Albion,1769,0,0,0,0,0,5,0
Zechariah Medley,22,2000/07/07,England,Defender,Arsenal,0,0,0,0,0,0,0,0
Zeze Steven Sessegnon,22,2000/05/18,England,Defender,Fulham,0,0,0,0,0,0,0,0
Łukasz Fabiański,37,1985/04/18,Poland,Goalkeeper,West Ham United,3420,0,0,0,0,0,0,0
Adam Coronado,36,03/10/85,Chain,Delantero,Rojos Cremas,1325,1000,1000,52,0,0,0,0
